commodity,year,lebaran_date,price_d30,price_d1,change_30d_before
Bawang Merah Ukuran Sedang,2022,2022-05-02,35060.0,37850.0,0.0796
Bawang Merah Ukuran Sedang,2023,2023-04-22,37830.0,37130.0,-0.0185
Bawang Merah Ukuran Sedang,2024,2024-04-10,36770.0,41300.0,0.1232
Bawang Merah Ukuran Sedang,2025,2025-03-31,38820.0,47040.0,0.2117
Bawang Merah Ukuran Sedang,2026,2026-03-21,44470.0,44490.0,0.0004
Bawang Putih Ukuran Sedang,2022,2022-05-02,32600.0,32820.0,0.0067
Bawang Putih Ukuran Sedang,2023,2023-04-22,33940.0,34070.0,0.0038
Bawang Putih Ukuran Sedang,2024,2024-04-10,41290.0,44090.0,0.0678
Bawang Putih Ukuran Sedang,2025,2025-03-31,45300.0,47000.0,0.0375
Bawang Putih Ukuran Sedang,2026,2026-03-21,40920.0,40190.0,-0.0178
Beras Kualitas Bawah I,2022,2022-05-02,10750.0,11110.0,0.0335
Beras Kualitas Bawah I,2023,2023-04-22,12110.0,12280.0,0.014
Beras Kualitas Bawah I,2024,2024-04-10,14720.0,14640.0,-0.0054
Beras Kualitas Bawah I,2025,2025-03-31,14000.0,14080.0,0.0057
Beras Kualitas Bawah I,2026,2026-03-21,14400.0,14490.0,0.0063
Beras Kualitas Bawah II,2022,2022-05-02,10490.0,10910.0,0.04
Beras Kualitas Bawah II,2023,2023-04-22,11750.0,11890.0,0.0119
Beras Kualitas Bawah II,2024,2024-04-10,14480.0,14350.0,-0.009
Beras Kualitas Bawah II,2025,2025-03-31,13780.0,13800.0,0.0015
Beras Kualitas Bawah II,2026,2026-03-21,14440.0,14500.0,0.0042
Beras Kualitas Medium I,2022,2022-05-02,11800.0,12190.0,0.0331
Beras Kualitas Medium I,2023,2023-04-22,13320.0,13420.0,0.0075
Beras Kualitas Medium I,2024,2024-04-10,16000.0,15910.0,-0.0056
Beras Kualitas Medium I,2025,2025-03-31,15290.0,15360.0,0.0046
Beras Kualitas Medium I,2026,2026-03-21,15950.0,16000.0,0.0031
Beras Kualitas Medium II,2022,2022-05-02,11600.0,11940.0,0.0293
Beras Kualitas Medium II,2023,2023-04-22,13160.0,13190.0,0.0023
Beras Kualitas Medium II,2024,2024-04-10,15790.0,15630.0,-0.0101
Beras Kualitas Medium II,2025,2025-03-31,15190.0,15230.0,0.0026
Beras Kualitas Medium II,2026,2026-03-21,15760.0,15850.0,0.0057
Beras Kualitas Super I,2022,2022-05-02,13100.0,13380.0,0.0214
Beras Kualitas Super I,2023,2023-04-22,14640.0,14800.0,0.0109
Beras Kualitas Super I,2024,2024-04-10,17300.0,17170.0,-0.0075
Beras Kualitas Super I,2025,2025-03-31,16640.0,16700.0,0.0036
Beras Kualitas Super I,2026,2026-03-21,17150.0,17200.0,0.0029
Beras Kualitas Super II,2022,2022-05-02,12650.0,13160.0,0.0403
Beras Kualitas Super II,2023,2023-04-22,14120.0,14250.0,0.0092
Beras Kualitas Super II,2024,2024-04-10,16750.0,16650.0,-0.006
Beras Kualitas Super II,2025,2025-03-31,16190.0,16270.0,0.0049
Beras Kualitas Super II,2026,2026-03-21,16660.0,16750.0,0.0054
Cabai Merah Besar,2022,2022-05-02,53640.0,50590.0,-0.0569
Cabai Merah Besar,2023,2023-04-22,49500.0,48810.0,-0.0139
Cabai Merah Besar,2024,2024-04-10,73430.0,54240.0,-0.2613
Cabai Merah Besar,2025,2025-03-31,58220.0,60960.0,0.0471
Cabai Merah Besar,2026,2026-03-21,44590.0,55500.0,0.2447
Cabai Merah Keriting,2022,2022-05-02,49900.0,45920.0,-0.0798
Cabai Merah Keriting,2023,2023-04-22,49440.0,44850.0,-0.0928
Cabai Merah Keriting,2024,2024-04-10,66670.0,50370.0,-0.2445
Cabai Merah Keriting,2025,2025-03-31,58400.0,62120.0,0.0637
Cabai Merah Keriting,2026,2026-03-21,47360.0,55450.0,0.1708
Cabai Rawit Hijau,2022,2022-05-02,47060.0,45390.0,-0.0355
Cabai Rawit Hijau,2023,2023-04-22,48160.0,39770.0,-0.1742
Cabai Rawit Hijau,2024,2024-04-10,53250.0,47900.0,-0.1005
Cabai Rawit Hijau,2025,2025-03-31,61130.0,63670.0,0.0416
Cabai Rawit Hijau,2026,2026-03-21,54130.0,58840.0,0.087
Cabai Rawit Merah,2022,2022-05-02,63830.0,55000.0,-0.1383
Cabai Rawit Merah,2023,2023-04-22,73590.0,45640.0,-0.3798
Cabai Rawit Merah,2024,2024-04-10,67880.0,54280.0,-0.2004
Cabai Rawit Merah,2025,2025-03-31,85720.0,94490.0,0.1023
Cabai Rawit Merah,2026,2026-03-21,77970.0,92520.0,0.1866
Daging Ayam Ras Segar,2022,2022-05-02,36970.0,41990.0,0.1358
Daging Ayam Ras Segar,2023,2023-04-22,34980.0,35560.0,0.0166
Daging Ayam Ras Segar,2024,2024-04-10,39040.0,38720.0,-0.0082
Daging Ayam Ras Segar,2025,2025-03-31,36970.0,36880.0,-0.0024
Daging Ayam Ras Segar,2026,2026-03-21,41660.0,42990.0,0.0319
Daging Sapi Kualitas 1,2022,2022-05-02,133080.0,143630.0,0.0793
Daging Sapi Kualitas 1,2023,2023-04-22,138410.0,140970.0,0.0185
Daging Sapi Kualitas 1,2024,2024-04-10,138300.0,140530.0,0.0161
Daging Sapi Kualitas 1,2025,2025-03-31,139850.0,142440.0,0.0185
Daging Sapi Kualitas 1,2026,2026-03-21,144120.0,149880.0,0.04
Daging Sapi Kualitas 2,2022,2022-05-02,123670.0,132600.0,0.0722
Daging Sapi Kualitas 2,2023,2023-04-22,129350.0,131490.0,0.0165
Daging Sapi Kualitas 2,2024,2024-04-10,129390.0,131040.0,0.0128
Daging Sapi Kualitas 2,2025,2025-03-31,130960.0,134110.0,0.0241
Daging Sapi Kualitas 2,2026,2026-03-21,136170.0,140980.0,0.0353
Gula Pasir Kualitas Premium,2022,2022-05-02,15740.0,16000.0,0.0165
Gula Pasir Kualitas Premium,2023,2023-04-22,15840.0,15980.0,0.0088
Gula Pasir Kualitas Premium,2024,2024-04-10,18440.0,18710.0,0.0146
Gula Pasir Kualitas Premium,2025,2025-03-31,19670.0,19860.0,0.0097
Gula Pasir Kualitas Premium,2026,2026-03-21,19850.0,20000.0,0.0076
Gula Pasir Lokal,2022,2022-05-02,14620.0,14870.0,0.0171
Gula Pasir Lokal,2023,2023-04-22,14490.0,14540.0,0.0035
Gula Pasir Lokal,2024,2024-04-10,17770.0,17970.0,0.0113
Gula Pasir Lokal,2025,2025-03-31,18640.0,18740.0,0.0054
Gula Pasir Lokal,2026,2026-03-21,18410.0,18750.0,0.0185
Minyak Goreng Curah,2022,2022-05-02,19920.0,20060.0,0.007
Minyak Goreng Curah,2023,2023-04-22,15700.0,15680.0,-0.0013
Minyak Goreng Curah,2024,2024-04-10,16270.0,16520.0,0.0154
Minyak Goreng Curah,2025,2025-03-31,18680.0,18830.0,0.008
Minyak Goreng Curah,2026,2026-03-21,18950.0,19610.0,0.0348
Minyak Goreng Kemasan Bermerk 1,2022,2022-05-02,25510.0,27050.0,0.0604
Minyak Goreng Kemasan Bermerk 1,2023,2023-04-22,21840.0,21920.0,0.0037
Minyak Goreng Kemasan Bermerk 1,2024,2024-04-10,20710.0,20780.0,0.0034
Minyak Goreng Kemasan Bermerk 1,2025,2025-03-31,22080.0,22260.0,0.0082
Minyak Goreng Kemasan Bermerk 1,2026,2026-03-21,22610.0,22900.0,0.0128
Minyak Goreng Kemasan Bermerk 2,2022,2022-05-02,24980.0,26270.0,0.0516
Minyak Goreng Kemasan Bermerk 2,2023,2023-04-22,20190.0,20270.0,0.004
Minyak Goreng Kemasan Bermerk 2,2024,2024-04-10,19300.0,19360.0,0.0031
Minyak Goreng Kemasan Bermerk 2,2025,2025-03-31,20990.0,21280.0,0.0138
Minyak Goreng Kemasan Bermerk 2,2026,2026-03-21,21620.0,21890.0,0.0125
Telur Ayam Ras Segar,2022,2022-05-02,25600.0,27710.0,0.0824
Telur Ayam Ras Segar,2023,2023-04-22,29880.0,30070.0,0.0064
Telur Ayam Ras Segar,2024,2024-04-10,31840.0,31790.0,-0.0016
Telur Ayam Ras Segar,2025,2025-03-31,30510.0,30270.0,-0.0079
Telur Ayam Ras Segar,2026,2026-03-21,32090.0,33580.0,0.0464
