commodity,region,as_of,price_now,wow,mom,yoy,vol_90d,alert_wow
Bawang Merah Ukuran Sedang,Aceh,2026-09-30,30750.0,-0.0538,-0.0848,-0.1929,0.0122,false
Bawang Merah Ukuran Sedang,Bali,2026-09-30,28650.0,-0.0121,-0.0545,-0.0905,0.0118,false
Bawang Merah Ukuran Sedang,Banten,2026-09-30,35150.0,0.0,-0.0057,-0.1157,0.0119,false
Bawang Merah Ukuran Sedang,Bengkulu,2026-09-30,38750.0,0.069,-0.0313,-0.0227,0.021,false
Bawang Merah Ukuran Sedang,DI Yogyakarta,2026-09-30,37500.0,0.0,0.0,-0.0323,0.0145,false
Bawang Merah Ukuran Sedang,DKI Jakarta,2026-09-30,37800.0,0.023,0.0,-0.0597,0.0134,false
Bawang Merah Ukuran Sedang,Gorontalo,2026-09-30,38750.0,-0.0102,-0.1143,-0.0572,0.0213,false
Bawang Merah Ukuran Sedang,Jambi,2026-09-30,29000.0,0.0,-0.0085,-0.1049,0.0117,false
Bawang Merah Ukuran Sedang,Jawa Barat,2026-09-30,33850.0,-0.0059,0.003,-0.1242,0.0308,false
Bawang Merah Ukuran Sedang,Jawa Tengah,2026-09-30,30000.0,-0.0033,0.0017,-0.1758,0.0082,false
Bawang Merah Ukuran Sedang,Jawa Timur,2026-09-30,27750.0,0.0128,-0.0365,-0.1898,0.0106,false
Bawang Merah Ukuran Sedang,Kalimantan Barat,2026-09-30,42550.0,0.0059,-0.023,0.1009,0.016,false
Bawang Merah Ukuran Sedang,Kalimantan Selatan,2026-09-30,33250.0,-0.0104,-0.0853,-0.0699,0.0099,false
Bawang Merah Ukuran Sedang,Kalimantan Tengah,2026-09-30,37250.0,-0.0067,-0.0745,-0.0362,0.0101,false
Bawang Merah Ukuran Sedang,Kalimantan Timur,2026-09-30,36250.0,0.0,-0.0903,-0.1265,0.0242,false
Bawang Merah Ukuran Sedang,Kalimantan Utara,2026-09-30,45400.0,-0.0098,0.0283,-0.0472,0.021,false
Bawang Merah Ukuran Sedang,Kepulauan Bangka Belitung,2026-09-30,38150.0,0.0039,0.0,-0.123,0.0196,false
Bawang Merah Ukuran Sedang,Kepulauan Riau,2026-09-30,38500.0,-0.0116,-0.0179,0.2069,0.0151,false
Bawang Merah Ukuran Sedang,Lampung,2026-09-30,29900.0,0.0084,0.0136,-0.1518,0.0166,false
Bawang Merah Ukuran Sedang,Maluku,2026-09-30,41900.0,-0.0024,-0.0563,-0.2117,0.0123,false
Bawang Merah Ukuran Sedang,Maluku Utara,2026-09-30,60000.0,0.0,0.0,-0.0943,0.0135,false
Bawang Merah Ukuran Sedang,Nusa Tenggara Barat,2026-09-30,22500.0,-0.0683,-0.1979,-0.1651,0.0213,false
Bawang Merah Ukuran Sedang,Nusa Tenggara Timur,2026-09-30,30400.0,0.0,-0.076,-0.152,0.0164,false
Bawang Merah Ukuran Sedang,Papua,2026-09-30,61800.0,-0.0064,-0.0024,-0.0268,0.0084,false
Bawang Merah Ukuran Sedang,Papua Barat,2026-09-30,52500.0,-0.0233,0.0,0.0,0.0179,false
Bawang Merah Ukuran Sedang,Riau,2026-09-30,30800.0,-0.0238,-0.0695,-0.1468,0.0088,false
Bawang Merah Ukuran Sedang,Semua Provinsi,2026-09-30,37150.0,-0.0067,-0.0338,-0.0861,0.006,false
Bawang Merah Ukuran Sedang,Sulawesi Barat,2026-09-30,42150.0,0.0,0.0193,-0.0366,0.0126,false
Bawang Merah Ukuran Sedang,Sulawesi Selatan,2026-09-30,35000.0,0.0,-0.0113,-0.0909,0.0147,false
Bawang Merah Ukuran Sedang,Sulawesi Tengah,2026-09-30,41750.0,0.0844,0.0085,-0.0402,0.0385,false
Bawang Merah Ukuran Sedang,Sulawesi Tenggara,2026-09-30,43150.0,0.0,-0.0137,-0.0868,0.0119,false
Bawang Merah Ukuran Sedang,Sulawesi Utara,2026-09-30,41900.0,-0.0141,-0.0312,-0.0842,0.0161,false
Bawang Merah Ukuran Sedang,Sumatera Barat,2026-09-30,30150.0,-0.0398,-0.1,-0.0651,0.0203,false
Bawang Merah Ukuran Sedang,Sumatera Selatan,2026-09-30,32250.0,-0.0153,-0.0153,-0.1284,0.0226,false
Bawang Merah Ukuran Sedang,Sumatera Utara,2026-09-30,32450.0,-0.0046,-0.0076,-0.111,0.0125,false
Bawang Putih Ukuran Sedang,Aceh,2026-09-30,34850.0,0.0,-0.0141,-0.0478,0.0102,false
Bawang Putih Ukuran Sedang,Bali,2026-09-30,31500.0,-0.0016,-0.0233,-0.0569,0.0103,false
Bawang Putih Ukuran Sedang,Banten,2026-09-30,37100.0,-0.0172,0.0095,0.0123,0.0103,false
Bawang Putih Ukuran Sedang,Bengkulu,2026-09-30,38750.0,0.0197,-0.019,0.0131,0.0121,false
Bawang Putih Ukuran Sedang,DI Yogyakarta,2026-09-30,42750.0,0.0,0.0,0.0823,0.0046,false
Bawang Putih Ukuran Sedang,DKI Jakarta,2026-09-30,43950.0,0.0,0.0,-0.0045,0.0062,false
Bawang Putih Ukuran Sedang,Gorontalo,2026-09-30,40000.0,-0.0099,-0.016,-0.0326,0.0254,false
Bawang Putih Ukuran Sedang,Jambi,2026-09-30,33250.0,-0.0148,-0.0221,0.031,0.0109,false
Bawang Putih Ukuran Sedang,Jawa Barat,2026-09-30,37850.0,-0.0079,-0.0156,-0.0257,0.0114,false
Bawang Putih Ukuran Sedang,Jawa Tengah,2026-09-30,37250.0,-0.0013,0.0068,0.0537,0.0047,false
Bawang Putih Ukuran Sedang,Jawa Timur,2026-09-30,29250.0,0.0139,-0.0299,-0.0457,0.0105,false
Bawang Putih Ukuran Sedang,Kalimantan Barat,2026-09-30,37300.0,-0.0053,-0.0337,0.217,0.013,false
Bawang Putih Ukuran Sedang,Kalimantan Selatan,2026-09-30,35150.0,0.0086,-0.0236,-0.0526,0.0064,false
Bawang Putih Ukuran Sedang,Kalimantan Tengah,2026-09-30,36900.0,0.0,-0.0538,-0.0264,0.0082,false
Bawang Putih Ukuran Sedang,Kalimantan Timur,2026-09-30,42500.0,0.0,0.0599,0.0692,0.0288,false
Bawang Putih Ukuran Sedang,Kalimantan Utara,2026-09-30,40650.0,-0.0049,-0.0181,-0.0524,0.0071,false
Bawang Putih Ukuran Sedang,Kepulauan Bangka Belitung,2026-09-30,35650.0,0.0,-0.0233,-0.0468,0.0057,false
Bawang Putih Ukuran Sedang,Kepulauan Riau,2026-09-30,29700.0,-0.0017,-0.005,0.0,0.008,false
Bawang Putih Ukuran Sedang,Lampung,2026-09-30,34750.0,-0.0142,-0.0043,0.0483,0.0085,false
Bawang Putih Ukuran Sedang,Maluku,2026-09-30,42500.0,-0.0035,-0.0428,0.0,0.0072,false
Bawang Putih Ukuran Sedang,Maluku Utara,2026-09-30,60000.0,0.0,0.0,-0.0769,0.0132,false
Bawang Putih Ukuran Sedang,Nusa Tenggara Barat,2026-09-30,34300.0,0.0163,0.0029,-0.02,0.0099,false
Bawang Putih Ukuran Sedang,Nusa Tenggara Timur,2026-09-30,44600.0,0.0,-0.0531,-0.0089,0.0084,false
Bawang Putih Ukuran Sedang,Papua,2026-09-30,54650.0,-0.0064,0.0263,-0.0197,0.0074,false
Bawang Putih Ukuran Sedang,Papua Barat,2026-09-30,51250.0,-0.0238,-0.0238,-0.0238,0.013,false
Bawang Putih Ukuran Sedang,Riau,2026-09-30,35400.0,-0.0207,-0.0207,-0.0098,0.0056,false
Bawang Putih Ukuran Sedang,Semua Provinsi,2026-09-30,39050.0,-0.0013,-0.0139,-0.0076,0.0038,false
Bawang Putih Ukuran Sedang,Sulawesi Barat,2026-09-30,39600.0,0.0,0.0,-0.0038,0.0081,false
Bawang Putih Ukuran Sedang,Sulawesi Selatan,2026-09-30,36050.0,-0.0137,-0.0374,-0.0083,0.0092,false
Bawang Putih Ukuran Sedang,Sulawesi Tengah,2026-09-30,41250.0,0.0645,-0.044,0.0061,0.0349,false
Bawang Putih Ukuran Sedang,Sulawesi Tenggara,2026-09-30,45650.0,0.0,-0.0267,0.0144,0.006,false
Bawang Putih Ukuran Sedang,Sulawesi Utara,2026-09-30,40650.0,0.0,0.0,-0.024,0.034,false
Bawang Putih Ukuran Sedang,Sumatera Barat,2026-09-30,33750.0,-0.0189,-0.0426,0.015,0.0121,false
Bawang Putih Ukuran Sedang,Sumatera Selatan,2026-09-30,32750.0,-0.015,-0.0296,-0.1027,0.0296,false
Bawang Putih Ukuran Sedang,Sumatera Utara,2026-09-30,34850.0,0.0,-0.0211,-0.0465,0.0099,false
Beras Kualitas Bawah I,Aceh,2026-09-30,15100.0,0.0,0.0,0.0272,0.0009,false
Beras Kualitas Bawah I,Bali,2026-09-30,13150.0,0.0,0.0,0.0958,0.0105,false
Beras Kualitas Bawah I,Banten,2026-09-30,15350.0,0.0,0.0,0.0586,0.0017,false
Beras Kualitas Bawah I,Bengkulu,2026-09-30,15700.0,0.0,0.0129,0.1018,0.002,false
Beras Kualitas Bawah I,DI Yogyakarta,2026-09-30,13750.0,0.0,0.0073,0.0456,0.0028,false
Beras Kualitas Bawah I,DKI Jakarta,2026-09-30,15000.0,0.0,0.0,0.0101,0.0,false
Beras Kualitas Bawah I,Jambi,2026-09-30,13100.0,0.0,0.0,0.0,0.0,false
Beras Kualitas Bawah I,Jawa Barat,2026-09-30,14650.0,0.0,0.0069,0.054,0.0022,false
Beras Kualitas Bawah I,Jawa Tengah,2026-09-30,14550.0,0.0034,0.0069,0.043,0.0056,false
Beras Kualitas Bawah I,Jawa Timur,2026-09-30,14300.0,0.0,0.0476,0.0362,0.0059,false
Beras Kualitas Bawah I,Kalimantan Barat,2026-09-30,15500.0,0.0,0.0098,0.0473,0.0013,false
Beras Kualitas Bawah I,Kalimantan Selatan,2026-09-30,16750.0,0.0,0.0,0.1167,0.0008,false
Beras Kualitas Bawah I,Kalimantan Tengah,2026-09-30,18250.0,0.0,0.0,0.1094,0.0019,false
Beras Kualitas Bawah I,Kalimantan Timur,2026-09-30,17250.0,0.0,0.0392,0.0714,0.0171,false
Beras Kualitas Bawah I,Kalimantan Utara,2026-09-30,16550.0,0.0,-0.003,-0.0265,0.01,false
Beras Kualitas Bawah I,Kepulauan Bangka Belitung,2026-09-30,12450.0,0.0,0.0,-0.0197,0.0016,false
Beras Kualitas Bawah I,Kepulauan Riau,2026-09-30,14250.0,-0.0104,-0.024,0.044,0.0048,false
Beras Kualitas Bawah I,Lampung,2026-09-30,15200.0,0.0,0.01,0.0411,0.0015,false
Beras Kualitas Bawah I,Maluku,2026-09-30,15850.0,0.0,0.0096,-0.0155,0.0017,false
Beras Kualitas Bawah I,Maluku Utara,2026-09-30,15750.0,0.0,0.0,0.0862,0.0445,false
Beras Kualitas Bawah I,Nusa Tenggara Barat,2026-09-30,13500.0,0.0189,0.0189,-0.0357,0.0024,false
Beras Kualitas Bawah I,Nusa Tenggara Timur,2026-09-30,13000.0,0.0,0.0,-0.0189,0.0,false
Beras Kualitas Bawah I,Papua,2026-09-30,17800.0,0.0,-0.0028,0.0142,0.0009,false
Beras Kualitas Bawah I,Papua Barat,2026-09-30,12900.0,-0.0039,-0.0039,-0.0584,0.0005,false
Beras Kualitas Bawah I,Riau,2026-09-30,15950.0,0.0031,0.0063,0.0391,0.0017,false
Beras Kualitas Bawah I,Semua Provinsi,2026-09-30,14900.0,0.0,0.0034,0.0241,0.0022,false
Beras Kualitas Bawah I,Sulawesi Barat,2026-09-30,13700.0,0.0,0.0,-0.0072,0.0009,false
Beras Kualitas Bawah I,Sulawesi Selatan,2026-09-30,13350.0,-0.0037,0.0038,0.023,0.0014,false
Beras Kualitas Bawah I,Sulawesi Tengah,2026-09-30,15600.0,-0.0095,-0.0095,-0.0095,0.0034,false
Beras Kualitas Bawah I,Sulawesi Tenggara,2026-09-30,14900.0,0.0,0.0,-0.0418,0.0006,false
Beras Kualitas Bawah I,Sulawesi Utara,2026-09-30,14600.0,0.0,0.0104,-0.1152,0.0017,false
Beras Kualitas Bawah I,Sumatera Barat,2026-09-30,16650.0,0.0,0.003,0.0472,0.0011,false
Beras Kualitas Bawah I,Sumatera Selatan,2026-09-30,14350.0,0.0,0.0,0.0436,0.0072,false
Beras Kualitas Bawah I,Sumatera Utara,2026-09-30,13450.0,0.0,0.0,0.0426,0.0022,false
Beras Kualitas Bawah II,Aceh,2026-09-30,15050.0,-0.0033,-0.0131,0.0344,0.0019,false
Beras Kualitas Bawah II,Bali,2026-09-30,15500.0,0.0,0.0,0.0333,0.0,false
Beras Kualitas Bawah II,Banten,2026-09-30,14850.0,0.0,0.0,0.0607,0.0021,false
Beras Kualitas Bawah II,Bengkulu,2026-09-30,12650.0,0.0,0.0,-0.1839,0.0016,false
Beras Kualitas Bawah II,DI Yogyakarta,2026-09-30,12400.0,0.0,0.0122,0.0206,0.0018,false
Beras Kualitas Bawah II,DKI Jakarta,2026-09-30,14300.0,0.0,0.0,0.0178,0.0,false
Beras Kualitas Bawah II,Jambi,2026-09-30,12200.0,0.0,0.0,0.0083,0.0,false
Beras Kualitas Bawah II,Jawa Barat,2026-09-30,14100.0,0.0,0.0071,0.0562,0.0029,false
Beras Kualitas Bawah II,Jawa Tengah,2026-09-30,14050.0,0.0,0.0036,0.0331,0.0032,false
Beras Kualitas Bawah II,Jawa Timur,2026-09-30,14250.0,0.0,0.0517,0.0517,0.0062,false
Beras Kualitas Bawah II,Kalimantan Barat,2026-09-30,14800.0,0.0034,0.0034,0.0386,0.0006,false
Beras Kualitas Bawah II,Kalimantan Selatan,2026-09-30,18100.0,0.0,0.0,0.1456,0.0039,false
Beras Kualitas Bawah II,Kalimantan Tengah,2026-09-30,15250.0,0.0,0.0,0.0339,0.0036,false
Beras Kualitas Bawah II,Kalimantan Timur,2026-09-30,14750.0,0.0,0.0068,-0.0134,0.004,false
Beras Kualitas Bawah II,Kalimantan Utara,2026-09-30,16150.0,0.0,-0.0031,-0.0444,0.0066,false
Beras Kualitas Bawah II,Kepulauan Bangka Belitung,2026-09-30,15300.0,0.0,0.0,-0.0033,0.003,false
Beras Kualitas Bawah II,Kepulauan Riau,2026-09-30,13700.0,0.0,-0.0386,0.0111,0.0046,false
Beras Kualitas Bawah II,Lampung,2026-09-30,14800.0,-0.0034,0.0068,0.0686,0.0019,false
Beras Kualitas Bawah II,Maluku,2026-09-30,13450.0,0.0,0.0075,0.0,0.0026,false
Beras Kualitas Bawah II,Maluku Utara,2026-09-30,17500.0,0.0,0.0,0.0294,0.0,false
Beras Kualitas Bawah II,Nusa Tenggara Barat,2026-09-30,12750.0,0.0408,0.0408,-0.0377,0.0051,false
Beras Kualitas Bawah II,Nusa Tenggara Timur,2026-09-30,13250.0,0.0,0.0,-0.0364,0.0,false
Beras Kualitas Bawah II,Papua,2026-09-30,17600.0,0.0,0.0,0.0353,0.0006,false
Beras Kualitas Bawah II,Papua Barat,2026-09-30,17350.0,0.0,0.0117,0.0579,0.0044,false
Beras Kualitas Bawah II,Riau,2026-09-30,13800.0,0.0,0.0036,0.0299,0.0098,false
Beras Kualitas Bawah II,Semua Provinsi,2026-09-30,14700.0,0.0,0.0034,0.0173,0.0025,false
Beras Kualitas Bawah II,Sulawesi Barat,2026-09-30,13700.0,0.0,0.0,-0.0144,0.0,false
Beras Kualitas Bawah II,Sulawesi Selatan,2026-09-30,13400.0,0.0037,0.0113,0.0469,0.0014,false
Beras Kualitas Bawah II,Sulawesi Tengah,2026-09-30,15800.0,-0.0032,-0.0032,-0.0063,0.0037,false
Beras Kualitas Bawah II,Sulawesi Tenggara,2026-09-30,14650.0,0.0,0.0,-0.0518,0.0004,false
Beras Kualitas Bawah II,Sulawesi Utara,2026-09-30,14150.0,0.0,0.0107,0.0366,0.0026,false
Beras Kualitas Bawah II,Sumatera Barat,2026-09-30,16600.0,0.0,0.0061,0.0473,0.0016,false
Beras Kualitas Bawah II,Sumatera Selatan,2026-09-30,14950.0,0.0,0.0,0.0382,0.0053,false
Beras Kualitas Bawah II,Sumatera Utara,2026-09-30,14150.0,0.0,0.0035,0.056,0.0023,false
Beras Kualitas Medium I,Aceh,2026-09-30,15800.0,-0.0032,-0.0125,0.0859,0.005,false
Beras Kualitas Medium I,Bali,2026-09-30,15750.0,0.0,0.0096,0.043,0.0015,false
Beras Kualitas Medium I,Banten,2026-09-30,16350.0,0.0,0.0,0.0548,0.0016,false
Beras Kualitas Medium I,Bengkulu,2026-09-30,16300.0,0.0,0.0031,0.0584,0.0009,false
Beras Kualitas Medium I,DI Yogyakarta,2026-09-30,15400.0,0.0,0.0098,0.0336,0.0019,false
Beras Kualitas Medium I,DKI Jakarta,2026-09-30,17050.0,0.0,0.0,0.0271,0.0004,false
Beras Kualitas Medium I,Gorontalo,2026-09-30,16250.0,0.0,0.0,-0.0061,0.0021,false
Beras Kualitas Medium I,Jambi,2026-09-30,16750.0,0.0,0.0,0.0213,0.0008,false
Beras Kualitas Medium I,Jawa Barat,2026-09-30,15850.0,0.0,0.0063,0.0462,0.0037,false
Beras Kualitas Medium I,Jawa Tengah,2026-09-30,16100.0,0.0063,0.0094,0.0387,0.0022,false
Beras Kualitas Medium I,Jawa Timur,2026-09-30,15150.0,0.0,0.0066,0.0236,0.0024,false
Beras Kualitas Medium I,Kalimantan Barat,2026-09-30,17400.0,0.0,0.0116,0.0296,0.0036,false
Beras Kualitas Medium I,Kalimantan Selatan,2026-09-30,20650.0,0.0147,0.0617,0.2906,0.0047,false
Beras Kualitas Medium I,Kalimantan Tengah,2026-09-30,19900.0,0.0,0.0,0.067,0.003,false
Beras Kualitas Medium I,Kalimantan Timur,2026-09-30,16750.0,0.0,-0.029,-0.0233,0.0107,false
Beras Kualitas Medium I,Kalimantan Utara,2026-09-30,17050.0,0.0,-0.0058,-0.0116,0.0041,false
Beras Kualitas Medium I,Kepulauan Bangka Belitung,2026-09-30,16550.0,0.0,0.0,0.0508,0.0024,false
Beras Kualitas Medium I,Kepulauan Riau,2026-09-30,15400.0,-0.0096,-0.0096,-0.0065,0.0045,false
Beras Kualitas Medium I,Lampung,2026-09-30,16050.0,0.0,0.0094,0.0808,0.0015,false
Beras Kualitas Medium I,Maluku,2026-09-30,17500.0,0.0,0.0,-0.0085,0.0022,false
Beras Kualitas Medium I,Maluku Utara,2026-09-30,18000.0,0.0,0.0,0.0588,0.0,false
Beras Kualitas Medium I,Nusa Tenggara Barat,2026-09-30,13650.0,0.0,0.0,0.0,0.0,false
Beras Kualitas Medium I,Nusa Tenggara Timur,2026-09-30,14850.0,0.0,0.0,0.0068,0.0,false
Beras Kualitas Medium I,Papua,2026-09-30,19550.0,0.0,0.0103,0.0209,0.0016,false
Beras Kualitas Medium I,Papua Barat,2026-09-30,18000.0,0.0028,0.0028,0.0198,0.0011,false
Beras Kualitas Medium I,Riau,2026-09-30,17000.0,0.0,0.0,0.021,0.0023,false
Beras Kualitas Medium I,Semua Provinsi,2026-09-30,16600.0,0.0,0.003,0.0343,0.0016,false
Beras Kualitas Medium I,Sulawesi Barat,2026-09-30,14650.0,0.0,0.0,0.0138,0.0,false
Beras Kualitas Medium I,Sulawesi Selatan,2026-09-30,15000.0,0.0101,0.0169,0.0067,0.0015,false
Beras Kualitas Medium I,Sulawesi Tengah,2026-09-30,16000.0,0.0,-0.0031,-0.0062,0.0013,false
Beras Kualitas Medium I,Sulawesi Tenggara,2026-09-30,16000.0,0.0,0.0,-0.0274,0.0006,false
Beras Kualitas Medium I,Sulawesi Utara,2026-09-30,16750.0,0.0,0.006,0.0245,0.0019,false
Beras Kualitas Medium I,Sumatera Barat,2026-09-30,18650.0,0.0,0.0081,0.0657,0.0054,false
Beras Kualitas Medium I,Sumatera Selatan,2026-09-30,16650.0,0.0,0.031,0.0639,0.0061,false
Beras Kualitas Medium I,Sumatera Utara,2026-09-30,15650.0,0.0,0.0032,0.0683,0.0018,false
Beras Kualitas Medium II,Aceh,2026-09-30,15200.0,-0.0065,-0.0098,0.027,0.0013,false
Beras Kualitas Medium II,Bali,2026-09-30,16250.0,0.0031,0.0125,0.035,0.0016,false
Beras Kualitas Medium II,Banten,2026-09-30,15850.0,0.0,0.0,0.0567,0.0016,false
Beras Kualitas Medium II,Bengkulu,2026-09-30,16400.0,0.0,0.0031,0.0314,0.0016,false
Beras Kualitas Medium II,DI Yogyakarta,2026-09-30,14500.0,0.0,0.0,0.0247,0.0024,false
Beras Kualitas Medium II,DKI Jakarta,2026-09-30,16200.0,0.0,0.0,0.0318,0.0004,false
Beras Kualitas Medium II,Jambi,2026-09-30,16400.0,0.0,0.0,0.0413,0.0019,false
Beras Kualitas Medium II,Jawa Barat,2026-09-30,15200.0,0.0,0.0066,0.0483,0.0024,false
Beras Kualitas Medium II,Jawa Tengah,2026-09-30,15200.0,0.0,0.0066,0.0411,0.0021,false
Beras Kualitas Medium II,Jawa Timur,2026-09-30,14700.0,0.0,0.0068,0.0389,0.0034,false
Beras Kualitas Medium II,Kalimantan Barat,2026-09-30,17000.0,0.0,0.0089,0.018,0.0018,false
Beras Kualitas Medium II,Kalimantan Selatan,2026-09-30,23150.0,0.0131,0.0221,0.272,0.0033,false
Beras Kualitas Medium II,Kalimantan Tengah,2026-09-30,19100.0,0.0,0.0,0.0791,0.0031,false
Beras Kualitas Medium II,Kalimantan Timur,2026-09-30,16750.0,0.0,0.0152,0.0245,0.0047,false
Beras Kualitas Medium II,Kalimantan Utara,2026-09-30,18150.0,0.0,0.0028,0.0371,0.0061,false
Beras Kualitas Medium II,Kepulauan Bangka Belitung,2026-09-30,15750.0,0.0,0.0,-0.0125,0.0004,false
Beras Kualitas Medium II,Kepulauan Riau,2026-09-30,15850.0,0.0,0.0326,0.0393,0.0044,false
Beras Kualitas Medium II,Lampung,2026-09-30,15800.0,0.0,0.0128,0.0604,0.0024,false
Beras Kualitas Medium II,Maluku,2026-09-30,16750.0,0.0,0.003,0.003,0.0009,false
Beras Kualitas Medium II,Maluku Utara,2026-09-30,16750.0,0.0,0.0,0.0308,0.0027,false
Beras Kualitas Medium II,Nusa Tenggara Barat,2026-09-30,12500.0,0.0,0.0,0.0081,0.0,false
Beras Kualitas Medium II,Nusa Tenggara Timur,2026-09-30,15150.0,0.01,0.01,0.01,0.0013,false
Beras Kualitas Medium II,Papua,2026-09-30,19250.0,0.0026,0.0052,0.0105,0.0014,false
Beras Kualitas Medium II,Papua Barat,2026-09-30,17300.0,0.0,0.0,0.0147,0.0,false
Beras Kualitas Medium II,Riau,2026-09-30,17000.0,0.0029,0.0,0.0303,0.002,false
Beras Kualitas Medium II,Semua Provinsi,2026-09-30,16400.0,0.0,0.0061,0.038,0.0025,false
Beras Kualitas Medium II,Sulawesi Barat,2026-09-30,14550.0,0.0,0.0,0.0,0.0,false
Beras Kualitas Medium II,Sulawesi Selatan,2026-09-30,14600.0,0.0104,0.0104,0.0034,0.0013,false
Beras Kualitas Medium II,Sulawesi Tengah,2026-09-30,16250.0,0.0156,0.0,0.0,0.0057,false
Beras Kualitas Medium II,Sulawesi Tenggara,2026-09-30,15800.0,0.0,0.0,-0.0247,0.0006,false
Beras Kualitas Medium II,Sulawesi Utara,2026-09-30,16950.0,0.0,0.0059,0.0399,0.0019,false
Beras Kualitas Medium II,Sumatera Barat,2026-09-30,18450.0,0.0,0.0054,0.0727,0.0041,false
Beras Kualitas Medium II,Sumatera Selatan,2026-09-30,16900.0,0.0,0.04,0.0305,0.008,false
Beras Kualitas Medium II,Sumatera Utara,2026-09-30,16000.0,0.0,0.0063,0.0667,0.0012,false
Beras Kualitas Super I,Aceh,2026-09-30,16400.0,-0.003,-0.015,0.0513,0.0016,false
Beras Kualitas Super I,Bali,2026-09-30,16700.0,0.0091,0.0121,0.0341,0.001,false
Beras Kualitas Super I,Banten,2026-09-30,18150.0,0.0,0.0083,0.0431,0.0015,false
Beras Kualitas Super I,Bengkulu,2026-09-30,17750.0,0.0,0.0028,0.1164,0.0017,false
Beras Kualitas Super I,DI Yogyakarta,2026-09-30,16900.0,0.0,0.009,0.0562,0.0019,false
Beras Kualitas Super I,DKI Jakarta,2026-09-30,21350.0,0.0,0.0,0.0977,0.0012,false
Beras Kualitas Super I,Gorontalo,2026-09-30,17150.0,0.0,0.0029,0.0118,0.0041,false
Beras Kualitas Super I,Jambi,2026-09-30,18050.0,0.0,0.0,0.0198,0.0018,false
Beras Kualitas Super I,Jawa Barat,2026-09-30,17450.0,0.0,0.0058,0.0512,0.0086,false
Beras Kualitas Super I,Jawa Tengah,2026-09-30,17650.0,0.0028,0.0057,0.0444,0.0017,false
Beras Kualitas Super I,Jawa Timur,2026-09-30,16350.0,0.0,0.0062,0.0283,0.0021,false
Beras Kualitas Super I,Kalimantan Barat,2026-09-30,18700.0,0.0,0.0027,0.0303,0.0013,false
Beras Kualitas Super I,Kalimantan Selatan,2026-09-30,19700.0,0.0,0.0,0.0025,0.0,false
Beras Kualitas Super I,Kalimantan Tengah,2026-09-30,26150.0,0.0,0.0566,0.3075,0.0046,false
Beras Kualitas Super I,Kalimantan Timur,2026-09-30,17500.0,0.0,-0.0057,0.0029,0.0165,false
Beras Kualitas Super I,Kalimantan Utara,2026-09-30,18000.0,0.0,0.0028,0.0141,0.0042,false
Beras Kualitas Super I,Kepulauan Bangka Belitung,2026-09-30,17250.0,0.0,0.0,0.0781,0.0046,false
Beras Kualitas Super I,Kepulauan Riau,2026-09-30,16750.0,0.0,0.0,-0.0089,0.0053,false
Beras Kualitas Super I,Lampung,2026-09-30,16150.0,0.0,0.0125,0.0521,0.0014,false
Beras Kualitas Super I,Maluku,2026-09-30,19350.0,0.0,0.0,0.032,0.0039,false
Beras Kualitas Super I,Maluku Utara,2026-09-30,19750.0,0.0,0.026,0.0676,0.0032,false
Beras Kualitas Super I,Nusa Tenggara Barat,2026-09-30,15500.0,0.0,0.0065,0.0164,0.0015,false
Beras Kualitas Super I,Nusa Tenggara Timur,2026-09-30,16300.0,0.0,0.0,0.0062,0.0,false
Beras Kualitas Super I,Papua,2026-09-30,21050.0,-0.0024,0.0048,0.0194,0.0011,false
Beras Kualitas Super I,Papua Barat,2026-09-30,18900.0,0.0,0.0,0.008,0.0,false
Beras Kualitas Super I,Riau,2026-09-30,18400.0,0.0,0.0,0.0166,0.0012,false
Beras Kualitas Super I,Semua Provinsi,2026-09-30,17900.0,0.0,0.0028,0.0407,0.0014,false
Beras Kualitas Super I,Sulawesi Barat,2026-09-30,15550.0,0.0,0.0,-0.0096,0.0,false
Beras Kualitas Super I,Sulawesi Selatan,2026-09-30,15400.0,0.0065,0.0098,0.0033,0.001,false
Beras Kualitas Super I,Sulawesi Tengah,2026-09-30,17050.0,0.0119,-0.0116,-0.0029,0.0057,false
Beras Kualitas Super I,Sulawesi Tenggara,2026-09-30,16750.0,0.0,0.0,-0.0429,0.0,false
Beras Kualitas Super I,Sulawesi Utara,2026-09-30,17650.0,0.0,0.0086,0.0232,0.0019,false
Beras Kualitas Super I,Sumatera Barat,2026-09-30,19200.0,0.0,0.0026,0.0667,0.0025,false
Beras Kualitas Super I,Sumatera Selatan,2026-09-30,18000.0,0.0,0.0315,0.0746,0.0149,false
Beras Kualitas Super I,Sumatera Utara,2026-09-30,16650.0,0.0,-0.006,0.0571,0.0016,false
Beras Kualitas Super II,Aceh,2026-09-30,15900.0,0.0,-0.0155,0.0461,0.0014,false
Beras Kualitas Super II,Bali,2026-09-30,16550.0,0.003,0.0061,0.0312,0.0006,false
Beras Kualitas Super II,Banten,2026-09-30,17350.0,0.0,0.0,0.0452,0.0015,false
Beras Kualitas Super II,Bengkulu,2026-09-30,17000.0,0.0,0.0,0.0526,0.0023,false
Beras Kualitas Super II,DI Yogyakarta,2026-09-30,15750.0,0.0,0.0064,0.05,0.002,false
Beras Kualitas Super II,DKI Jakarta,2026-09-30,17800.0,0.0,0.0,0.0171,0.0007,false
Beras Kualitas Super II,Jambi,2026-09-30,17550.0,0.0,0.0,0.0174,0.0014,false
Beras Kualitas Super II,Jawa Barat,2026-09-30,16450.0,0.0,0.0061,0.0478,0.0042,false
Beras Kualitas Super II,Jawa Tengah,2026-09-30,16500.0,0.0,0.003,0.0443,0.002,false
Beras Kualitas Super II,Jawa Timur,2026-09-30,15950.0,0.0,0.0031,0.0224,0.0012,false
Beras Kualitas Super II,Kalimantan Barat,2026-09-30,18350.0,0.0,0.0027,0.0426,0.0023,false
Beras Kualitas Super II,Kalimantan Selatan,2026-09-30,20050.0,0.0,0.0,0.0025,0.0,false
Beras Kualitas Super II,Kalimantan Tengah,2026-09-30,22250.0,0.0,0.0045,0.2824,0.0008,false
Beras Kualitas Super II,Kalimantan Timur,2026-09-30,16750.0,0.0,-0.0147,-0.0147,0.0088,false
Beras Kualitas Super II,Kalimantan Utara,2026-09-30,17650.0,0.0,0.0086,0.0144,0.0042,false
Beras Kualitas Super II,Kepulauan Bangka Belitung,2026-09-30,17150.0,0.0,0.0,0.0652,0.0039,false
Beras Kualitas Super II,Kepulauan Riau,2026-09-30,16500.0,0.0,0.0,0.0217,0.0,false
Beras Kualitas Super II,Lampung,2026-09-30,16400.0,0.0,0.0123,0.0615,0.0012,false
Beras Kualitas Super II,Maluku,2026-09-30,19900.0,0.0,0.0338,0.0529,0.0028,false
Beras Kualitas Super II,Maluku Utara,2026-09-30,18750.0,0.0,0.0,0.0714,0.0024,false
Beras Kualitas Super II,Nusa Tenggara Barat,2026-09-30,14200.0,0.0,0.0071,0.0071,0.0009,false
Beras Kualitas Super II,Nusa Tenggara Timur,2026-09-30,16050.0,0.0031,0.0031,-0.0093,0.0005,false
Beras Kualitas Super II,Papua,2026-09-30,20200.0,-0.0025,-0.0025,0.0025,0.0007,false
Beras Kualitas Super II,Papua Barat,2026-09-30,18650.0,0.0027,0.0027,0.0537,0.0007,false
Beras Kualitas Super II,Riau,2026-09-30,17750.0,0.0057,0.0057,0.032,0.0074,false
Beras Kualitas Super II,Semua Provinsi,2026-09-30,17300.0,0.0,0.0,0.0359,0.0015,false
Beras Kualitas Super II,Sulawesi Barat,2026-09-30,15600.0,0.0,0.0,-0.0032,0.0,false
Beras Kualitas Super II,Sulawesi Selatan,2026-09-30,15150.0,0.0,0.0033,0.01,0.0004,false
Beras Kualitas Super II,Sulawesi Tengah,2026-09-30,17150.0,0.0239,-0.02,-0.0058,0.0106,false
Beras Kualitas Super II,Sulawesi Tenggara,2026-09-30,16550.0,0.0,-0.003,-0.0265,0.0005,false
Beras Kualitas Super II,Sulawesi Utara,2026-09-30,17300.0,0.0,0.0058,0.039,0.0017,false
Beras Kualitas Super II,Sumatera Barat,2026-09-30,18850.0,0.0,0.0027,0.0501,0.0025,false
Beras Kualitas Super II,Sumatera Selatan,2026-09-30,16900.0,0.0,0.015,0.0464,0.0044,false
Beras Kualitas Super II,Sumatera Utara,2026-09-30,16950.0,0.0,0.0,0.0495,0.002,false
Cabai Merah Besar,Aceh,2026-09-30,42000.0,0.0,0.0,0.05,0.0063,false
Cabai Merah Besar,Bali,2026-09-30,35450.0,0.2352,0.4067,-0.2638,0.0361,true
Cabai Merah Besar,Banten,2026-09-30,50500.0,0.0943,0.2169,-0.1179,0.0235,false
Cabai Merah Besar,Bengkulu,2026-09-30,65750.0,0.2233,0.6438,0.1689,0.0493,true
Cabai Merah Besar,DI Yogyakarta,2026-09-30,43750.0,-0.0278,0.1667,-0.0278,0.03,false
Cabai Merah Besar,DKI Jakarta,2026-09-30,53700.0,0.1258,0.2359,-0.1864,0.029,true
Cabai Merah Besar,Jambi,2026-09-30,66400.0,0.2262,0.7707,0.2469,0.0647,true
Cabai Merah Besar,Jawa Barat,2026-09-30,50600.0,0.0709,0.0766,-0.2263,0.0392,false
Cabai Merah Besar,Jawa Tengah,2026-09-30,42950.0,0.1303,0.3359,-0.0986,0.0174,true
Cabai Merah Besar,Jawa Timur,2026-09-30,34150.0,0.2578,0.5077,-0.2453,0.0329,true
Cabai Merah Besar,Kalimantan Barat,2026-09-30,92900.0,0.0109,0.3425,1.013,0.0313,false
Cabai Merah Besar,Kalimantan Selatan,2026-09-30,57500.0,-0.0612,0.0455,0.4076,0.0287,false
Cabai Merah Besar,Kalimantan Tengah,2026-09-30,89400.0,-0.0403,0.0073,0.1259,0.0185,false
Cabai Merah Besar,Kalimantan Timur,2026-09-30,53750.0,0.2647,-0.0587,0.0161,0.084,true
Cabai Merah Besar,Kalimantan Utara,2026-09-30,80850.0,0.0723,0.1152,0.2936,0.0243,false
Cabai Merah Besar,Kepulauan Bangka Belitung,2026-09-30,50000.0,0.0,0.0,0.0,,false
Cabai Merah Besar,Lampung,2026-09-30,61250.0,0.0841,0.2963,0.0812,0.0337,false
Cabai Merah Besar,Maluku,2026-09-30,45000.0,0.0,0.0,0.125,0.0,false
Cabai Merah Besar,Maluku Utara,2026-09-30,130000.0,0.0,0.1304,1.8889,0.0755,false
Cabai Merah Besar,Nusa Tenggara Barat,2026-09-30,29400.0,0.0316,0.0334,-0.3082,0.0216,false
Cabai Merah Besar,Nusa Tenggara Timur,2026-09-30,47500.0,0.1176,0.065,-0.0256,0.0232,true
Cabai Merah Besar,Papua,2026-09-30,82400.0,0.008,0.0249,0.1381,0.0212,false
Cabai Merah Besar,Papua Barat,2026-09-30,90000.0,0.2857,0.3846,0.3585,0.0658,true
Cabai Merah Besar,Riau,2026-09-30,69650.0,0.2219,0.4346,-0.1093,0.0593,true
Cabai Merah Besar,Semua Provinsi,2026-09-30,59600.0,0.0567,0.1562,0.1396,0.0103,false
Cabai Merah Besar,Sulawesi Barat,2026-09-30,49600.0,0.0,0.0259,0.3227,0.0247,false
Cabai Merah Besar,Sulawesi Selatan,2026-09-30,40600.0,-0.0217,-0.0481,0.1633,0.0302,false
Cabai Merah Besar,Sulawesi Tengah,2026-09-30,62300.0,0.1105,0.1276,0.8765,0.0442,true
Cabai Merah Besar,Sulawesi Tenggara,2026-09-30,60000.0,0.0318,-0.0107,0.3514,0.0218,false
Cabai Merah Besar,Sulawesi Utara,2026-09-30,30000.0,0.0,0.0,0.0,,false
Cabai Merah Besar,Sumatera Selatan,2026-09-30,60650.0,0.064,0.3629,0.028,0.0581,false
Cabai Merah Keriting,Aceh,2026-09-30,64750.0,0.0181,0.231,-0.2324,0.0403,false
Cabai Merah Keriting,Bali,2026-09-30,46150.0,0.0884,0.3554,-0.0264,0.025,false
Cabai Merah Keriting,Banten,2026-09-30,59350.0,0.123,0.5083,0.0059,0.0267,true
Cabai Merah Keriting,Bengkulu,2026-09-30,68750.0,0.1702,0.5714,0.143,0.0462,true
Cabai Merah Keriting,DI Yogyakarta,2026-09-30,53750.0,0.019,0.7623,0.1878,0.0368,false
Cabai Merah Keriting,DKI Jakarta,2026-09-30,60850.0,0.0287,0.3956,-0.0653,0.0332,false
Cabai Merah Keriting,Gorontalo,2026-09-30,90650.0,0.0,0.0214,1.0325,0.0752,false
Cabai Merah Keriting,Jambi,2026-09-30,65250.0,0.2452,0.8511,0.2609,0.065,true
Cabai Merah Keriting,Jawa Barat,2026-09-30,61500.0,0.0024,0.5111,-0.0184,0.0223,false
Cabai Merah Keriting,Jawa Tengah,2026-09-30,49750.0,0.0343,0.6232,-0.0158,0.0261,false
Cabai Merah Keriting,Jawa Timur,2026-09-30,44000.0,0.0439,0.4403,-0.103,0.0259,false
Cabai Merah Keriting,Kalimantan Barat,2026-09-30,120650.0,0.0079,0.6815,1.0983,0.0731,false
Cabai Merah Keriting,Kalimantan Selatan,2026-09-30,72100.0,0.0063,0.3014,0.3414,0.0371,false
Cabai Merah Keriting,Kalimantan Tengah,2026-09-30,83750.0,-0.0822,0.0308,0.0717,0.0254,false
Cabai Merah Keriting,Kalimantan Timur,2026-09-30,70000.0,0.037,0.2357,0.3436,0.0346,false
Cabai Merah Keriting,Kalimantan Utara,2026-09-30,87900.0,0.1284,0.3188,0.3389,0.0238,true
Cabai Merah Keriting,Kepulauan Bangka Belitung,2026-09-30,70500.0,-0.0195,0.41,-0.0631,0.0417,false
Cabai Merah Keriting,Kepulauan Riau,2026-09-30,74200.0,0.0034,0.3934,-0.0995,0.0359,false
Cabai Merah Keriting,Lampung,2026-09-30,58000.0,0.1208,0.7365,0.1317,0.0441,true
Cabai Merah Keriting,Maluku,2026-09-30,112500.0,0.0524,0.125,0.6508,0.0388,false
Cabai Merah Keriting,Maluku Utara,2026-09-30,100000.0,0.0,0.0,0.6667,0.0671,false
Cabai Merah Keriting,Nusa Tenggara Barat,2026-09-30,45000.0,0.1628,0.4151,0.0357,0.0346,true
Cabai Merah Keriting,Nusa Tenggara Timur,2026-09-30,48350.0,0.0545,-0.0252,-0.033,0.0252,false
Cabai Merah Keriting,Papua,2026-09-30,110250.0,0.0637,0.1605,0.6517,0.0217,false
Cabai Merah Keriting,Papua Barat,2026-09-30,120000.0,0.2308,0.7143,1.8235,0.0568,true
Cabai Merah Keriting,Riau,2026-09-30,84550.0,0.2343,0.4331,-0.1297,0.0412,true
Cabai Merah Keriting,Semua Provinsi,2026-09-30,70900.0,0.0313,0.2695,0.2182,0.0153,false
Cabai Merah Keriting,Sulawesi Barat,2026-09-30,55000.0,-0.0291,0.119,0.4474,0.0343,false
Cabai Merah Keriting,Sulawesi Selatan,2026-09-30,48000.0,-0.0796,0.0667,0.4328,0.0306,false
Cabai Merah Keriting,Sulawesi Tengah,2026-09-30,63900.0,0.0306,0.045,0.8933,0.0491,false
Cabai Merah Keriting,Sulawesi Tenggara,2026-09-30,66900.0,-0.0929,0.115,0.5068,0.0337,false
Cabai Merah Keriting,Sulawesi Utara,2026-09-30,87500.0,-0.0278,-0.0267,1.8317,0.0785,false
Cabai Merah Keriting,Sumatera Barat,2026-09-30,79750.0,0.1015,0.5982,-0.0449,0.0511,true
Cabai Merah Keriting,Sumatera Selatan,2026-09-30,64750.0,0.0837,0.385,-0.0061,0.0626,false
Cabai Merah Keriting,Sumatera Utara,2026-09-30,72450.0,0.2085,0.3722,-0.1486,0.0774,true
Cabai Rawit Hijau,Aceh,2026-09-30,64150.0,0.0363,-0.0317,0.3052,0.0278,false
Cabai Rawit Hijau,Bali,2026-09-30,47800.0,0.0414,0.0529,0.2448,0.0114,false
Cabai Rawit Hijau,Banten,2026-09-30,50650.0,-0.0098,0.0411,0.7679,0.0191,false
Cabai Rawit Hijau,Bengkulu,2026-09-30,62500.0,0.0417,0.1628,0.5763,0.0398,false
Cabai Rawit Hijau,DI Yogyakarta,2026-09-30,45500.0,0.0,0.04,0.5424,0.0194,false
Cabai Rawit Hijau,DKI Jakarta,2026-09-30,55300.0,0.0822,0.0983,0.3982,0.0221,false
Cabai Rawit Hijau,Gorontalo,2026-09-30,35000.0,0.0,0.0,0.0,,false
Cabai Rawit Hijau,Jambi,2026-09-30,53650.0,0.054,0.1259,0.8405,0.0415,false
Cabai Rawit Hijau,Jawa Barat,2026-09-30,50300.0,-0.029,0.004,0.4209,0.02,false
Cabai Rawit Hijau,Jawa Tengah,2026-09-30,44850.0,-0.0132,0.0952,0.6104,0.019,false
Cabai Rawit Hijau,Jawa Timur,2026-09-30,35950.0,0.0301,0.0213,0.716,0.0157,false
Cabai Rawit Hijau,Kalimantan Barat,2026-09-30,120000.0,0.0213,0.2513,1.7972,0.0361,false
Cabai Rawit Hijau,Kalimantan Selatan,2026-09-30,45400.0,0.0473,0.135,0.7804,0.0391,false
Cabai Rawit Hijau,Kalimantan Tengah,2026-09-30,71250.0,-0.0339,0.0962,0.6512,0.0266,false
Cabai Rawit Hijau,Kalimantan Timur,2026-09-30,88750.0,0.0,0.2034,0.5666,0.046,false
Cabai Rawit Hijau,Kalimantan Utara,2026-09-30,92900.0,0.1093,0.212,0.3039,0.0362,true
Cabai Rawit Hijau,Kepulauan Bangka Belitung,2026-09-30,62500.0,0.0097,0.0097,0.1384,0.012,false
Cabai Rawit Hijau,Kepulauan Riau,2026-09-30,62900.0,0.0056,0.1113,0.3809,0.025,false
Cabai Rawit Hijau,Lampung,2026-09-30,55150.0,-0.009,0.0376,0.4707,0.0278,false
Cabai Rawit Hijau,Maluku,2026-09-30,82500.0,-0.0294,0.1,0.9412,0.0691,false
Cabai Rawit Hijau,Maluku Utara,2026-09-30,157500.0,0.05,0.05,0.9688,0.0412,false
Cabai Rawit Hijau,Nusa Tenggara Barat,2026-09-30,35000.0,0.0769,0.0769,0.699,0.0259,false
Cabai Rawit Hijau,Nusa Tenggara Timur,2026-09-30,42500.0,-0.0286,-0.0556,0.0625,0.0109,false
Cabai Rawit Hijau,Papua,2026-09-30,76500.0,0.0458,0.2988,0.319,0.0314,false
Cabai Rawit Hijau,Papua Barat,2026-09-30,50000.0,0.0,0.0,0.1111,,false
Cabai Rawit Hijau,Riau,2026-09-30,67000.0,0.0396,0.1817,0.5349,0.0258,false
Cabai Rawit Hijau,Semua Provinsi,2026-09-30,67900.0,0.0044,0.0996,0.6147,0.0096,false
Cabai Rawit Hijau,Sulawesi Barat,2026-09-30,78750.0,0.05,0.1347,1.3756,0.0635,false
Cabai Rawit Hijau,Sulawesi Selatan,2026-09-30,45150.0,0.1012,0.1459,1.0156,0.0338,true
Cabai Rawit Hijau,Sulawesi Tengah,2026-09-30,135650.0,0.2058,0.2767,1.5237,0.065,true
Cabai Rawit Hijau,Sulawesi Tenggara,2026-09-30,100000.0,0.1111,0.6,0.7021,0.0379,true
Cabai Rawit Hijau,Sulawesi Utara,2026-09-30,105000.0,-0.1683,-0.0118,1.1807,0.0613,true
Cabai Rawit Hijau,Sumatera Barat,2026-09-30,62400.0,0.0,0.2443,0.4545,0.0419,false
Cabai Rawit Hijau,Sumatera Selatan,2026-09-30,62900.0,-0.004,0.0706,0.3779,0.0426,false
Cabai Rawit Hijau,Sumatera Utara,2026-09-30,65200.0,0.1117,0.0949,0.6423,0.0293,true
Cabai Rawit Merah,Aceh,2026-09-30,45000.0,0.0,0.0,0.0,,false
Cabai Rawit Merah,Bali,2026-09-30,76950.0,0.1848,0.273,1.28,0.0353,true
Cabai Rawit Merah,Banten,2026-09-30,83500.0,0.0726,0.2777,0.9928,0.0201,false
Cabai Rawit Merah,Bengkulu,2026-09-30,81250.0,0.0656,0.2264,1.8017,0.0421,false
Cabai Rawit Merah,DI Yogyakarta,2026-09-30,77500.0,0.0954,0.3191,1.48,0.0265,false
Cabai Rawit Merah,DKI Jakarta,2026-09-30,91050.0,0.0788,0.202,0.8137,0.028,false
Cabai Rawit Merah,Gorontalo,2026-09-30,144400.0,-0.0335,0.0845,1.7716,0.0906,false
Cabai Rawit Merah,Jambi,2026-09-30,84900.0,0.0137,0.3011,0.87,0.0362,false
Cabai Rawit Merah,Jawa Barat,2026-09-30,84200.0,0.0389,0.2662,0.9334,0.0229,false
Cabai Rawit Merah,Jawa Tengah,2026-09-30,74050.0,0.0802,0.2767,1.1908,0.029,false
Cabai Rawit Merah,Jawa Timur,2026-09-30,70150.0,0.1144,0.2084,1.3,0.0359,true
Cabai Rawit Merah,Kalimantan Barat,2026-09-30,142500.0,-0.0028,0.3073,1.7091,0.0332,false
Cabai Rawit Merah,Kalimantan Selatan,2026-09-30,100000.0,-0.044,0.0811,1.3256,0.04,false
Cabai Rawit Merah,Kalimantan Tengah,2026-09-30,117500.0,-0.0408,0.1059,0.7091,0.0516,false
Cabai Rawit Merah,Kalimantan Timur,2026-09-30,90000.0,0.0435,0.1866,1.7481,0.0458,false
Cabai Rawit Merah,Kalimantan Utara,2026-09-30,131650.0,0.2344,0.3503,1.1942,0.037,true
Cabai Rawit Merah,Kepulauan Bangka Belitung,2026-09-30,96250.0,0.0063,0.3051,0.54,0.0335,false
Cabai Rawit Merah,Kepulauan Riau,2026-09-30,89650.0,0.0,0.1742,,0.0389,false
Cabai Rawit Merah,Lampung,2026-09-30,73250.0,0.0405,0.3628,0.9664,0.0379,false
Cabai Rawit Merah,Maluku,2026-09-30,152500.0,0.1402,0.22,1.0333,0.0427,true
Cabai Rawit Merah,Maluku Utara,2026-09-30,155000.0,0.0,0.0,0.55,0.0737,false
Cabai Rawit Merah,Nusa Tenggara Barat,2026-09-30,60650.0,0.0341,0.0271,1.3831,0.0402,false
Cabai Rawit Merah,Nusa Tenggara Timur,2026-09-30,73650.0,0.0,0.105,0.1553,0.0246,false
Cabai Rawit Merah,Papua,2026-09-30,138900.0,0.0385,0.3073,0.3337,0.0334,false
Cabai Rawit Merah,Papua Barat,2026-09-30,142500.0,0.2667,0.9322,0.9655,0.0533,true
Cabai Rawit Merah,Riau,2026-09-30,84250.0,0.0421,0.2556,0.7607,0.0229,false
Cabai Rawit Merah,Semua Provinsi,2026-09-30,99200.0,0.0448,0.2187,1.0,0.0204,false
Cabai Rawit Merah,Sulawesi Barat,2026-09-30,89600.0,0.0388,0.2575,1.4447,0.0538,false
Cabai Rawit Merah,Sulawesi Selatan,2026-09-30,86750.0,0.071,0.2218,2.0982,0.0492,false
Cabai Rawit Merah,Sulawesi Tengah,2026-09-30,133150.0,0.1836,0.2681,1.8032,0.0726,true
Cabai Rawit Merah,Sulawesi Tenggara,2026-09-30,107500.0,0.0953,0.4828,1.0,0.0509,false
Cabai Rawit Merah,Sulawesi Utara,2026-09-30,136900.0,-0.0393,0.0952,1.505,0.123,false
Cabai Rawit Merah,Sumatera Selatan,2026-09-30,82000.0,0.0615,0.3667,0.7865,0.0364,false
Cabai Rawit Merah,Sumatera Utara,2026-09-30,65400.0,0.1967,0.1967,0.9095,0.0519,true
Daging Ayam Ras Segar,Aceh,2026-09-30,40650.0,-0.024,-0.059,0.0869,0.0117,false
Daging Ayam Ras Segar,Bali,2026-09-30,44650.0,0.0045,-0.0219,0.0217,0.0086,false
Daging Ayam Ras Segar,Banten,2026-09-30,42250.0,0.0156,-0.0321,0.0432,0.0103,false
Daging Ayam Ras Segar,Bengkulu,2026-09-30,43000.0,-0.0549,-0.1042,0.1242,0.0237,false
Daging Ayam Ras Segar,DI Yogyakarta,2026-09-30,40000.0,-0.0244,-0.0419,0.0596,0.0141,false
Daging Ayam Ras Segar,DKI Jakarta,2026-09-30,41700.0,-0.0036,-0.0392,0.0296,0.0093,false
Daging Ayam Ras Segar,Gorontalo,2026-09-30,38000.0,0.0229,0.1969,0.25,0.0161,false
Daging Ayam Ras Segar,Jambi,2026-09-30,40850.0,-0.0308,-0.111,0.0764,0.0213,false
Daging Ayam Ras Segar,Jawa Barat,2026-09-30,40050.0,-0.0074,-0.0442,0.043,0.0171,false
Daging Ayam Ras Segar,Jawa Tengah,2026-09-30,40200.0,-0.0086,-0.0219,0.0565,0.0093,false
Daging Ayam Ras Segar,Jawa Timur,2026-09-30,40050.0,-0.0087,-0.0062,0.0498,0.0096,false
Daging Ayam Ras Segar,Kalimantan Barat,2026-09-30,38750.0,0.0224,0.0616,-0.0152,0.0064,false
Daging Ayam Ras Segar,Kalimantan Selatan,2026-09-30,43350.0,0.0358,-0.0473,-0.0345,0.0107,false
Daging Ayam Ras Segar,Kalimantan Tengah,2026-09-30,39400.0,0.0944,0.0,-0.0308,0.0186,false
Daging Ayam Ras Segar,Kalimantan Timur,2026-09-30,37350.0,-0.0223,-0.0789,-0.0145,0.028,false
Daging Ayam Ras Segar,Kalimantan Utara,2026-09-30,47250.0,0.0107,-0.0228,0.0407,0.0093,false
Daging Ayam Ras Segar,Kepulauan Bangka Belitung,2026-09-30,44150.0,-0.0329,-0.0831,0.1394,0.0168,false
Daging Ayam Ras Segar,Kepulauan Riau,2026-09-30,39200.0,-0.0309,-0.104,0.0262,0.0092,false
Daging Ayam Ras Segar,Lampung,2026-09-30,38500.0,0.0026,-0.0375,0.1307,0.0103,false
Daging Ayam Ras Segar,Maluku,2026-09-30,48150.0,0.0,0.0,0.2346,0.0048,false
Daging Ayam Ras Segar,Maluku Utara,2026-09-30,43750.0,0.0,0.0,0.0116,0.0037,false
Daging Ayam Ras Segar,Nusa Tenggara Barat,2026-09-30,44650.0,-0.0335,0.0056,0.0148,0.0114,false
Daging Ayam Ras Segar,Nusa Tenggara Timur,2026-09-30,50650.0,-0.0241,0.002,0.0765,0.0186,false
Daging Ayam Ras Segar,Papua,2026-09-30,51350.0,-0.001,0.002,0.1475,0.0015,false
Daging Ayam Ras Segar,Papua Barat,2026-09-30,48300.0,-0.0378,0.0147,0.104,0.0304,false
Daging Ayam Ras Segar,Riau,2026-09-30,37150.0,-0.0107,-0.0388,0.1628,0.012,false
Daging Ayam Ras Segar,Semua Provinsi,2026-09-30,42050.0,-0.0036,-0.0129,0.0824,0.0045,false
Daging Ayam Ras Segar,Sulawesi Barat,2026-09-30,31650.0,0.0161,0.1243,0.2387,0.0118,false
Daging Ayam Ras Segar,Sulawesi Selatan,2026-09-30,32950.0,0.051,0.2114,0.1284,0.017,false
Daging Ayam Ras Segar,Sulawesi Tengah,2026-09-30,35900.0,-0.0097,0.0995,0.0781,0.0211,false
Daging Ayam Ras Segar,Sulawesi Tenggara,2026-09-30,37600.0,0.0,0.0867,0.0606,0.0153,false
Daging Ayam Ras Segar,Sulawesi Utara,2026-09-30,41750.0,0.0411,0.0271,0.1454,0.0142,false
Daging Ayam Ras Segar,Sumatera Barat,2026-09-30,54300.0,-0.019,-0.0321,0.0937,0.0095,false
Daging Ayam Ras Segar,Sumatera Selatan,2026-09-30,39900.0,-0.0362,-0.0699,0.0528,0.0303,false
Daging Ayam Ras Segar,Sumatera Utara,2026-09-30,49300.0,-0.0228,-0.075,0.2577,0.0109,false
Daging Sapi Kualitas 1,Aceh,2026-09-30,170000.0,-0.0023,-0.0023,0.1086,0.0037,false
Daging Sapi Kualitas 1,Bali,2026-09-30,145450.0,0.0171,0.0389,0.0389,0.0028,false
Daging Sapi Kualitas 1,Banten,2026-09-30,151650.0,0.0,-0.0319,0.1163,0.004,false
Daging Sapi Kualitas 1,Bengkulu,2026-09-30,160000.0,0.0,0.0,0.1852,0.0029,false
Daging Sapi Kualitas 1,DI Yogyakarta,2026-09-30,162500.0,0.0,0.0,0.1607,0.0,false
Daging Sapi Kualitas 1,DKI Jakarta,2026-09-30,154300.0,0.0,0.0,0.1089,0.0015,false
Daging Sapi Kualitas 1,Gorontalo,2026-09-30,150000.0,-0.0323,0.0084,0.0909,0.0113,false
Daging Sapi Kualitas 1,Jambi,2026-09-30,155000.0,0.0,0.0,0.1273,0.0,false
Daging Sapi Kualitas 1,Jawa Barat,2026-09-30,157650.0,0.0,0.0,0.1009,0.0047,false
Daging Sapi Kualitas 1,Jawa Tengah,2026-09-30,151900.0,0.0,0.0076,0.1447,0.0024,false
Daging Sapi Kualitas 1,Jawa Timur,2026-09-30,145450.0,0.0021,0.0189,0.1403,0.0023,false
Daging Sapi Kualitas 1,Kalimantan Barat,2026-09-30,161250.0,0.0,0.0025,0.0238,0.0009,false
Daging Sapi Kualitas 1,Kalimantan Selatan,2026-09-30,172100.0,0.0,0.0,0.0275,0.0023,false
Daging Sapi Kualitas 1,Kalimantan Tengah,2026-09-30,160000.0,0.0,0.0079,0.0159,0.0014,false
Daging Sapi Kualitas 1,Kalimantan Timur,2026-09-30,170000.0,0.0,0.0125,0.0517,0.0036,false
Daging Sapi Kualitas 1,Kalimantan Utara,2026-09-30,158750.0,-0.0025,-0.0025,0.0242,0.0197,false
Daging Sapi Kualitas 1,Kepulauan Bangka Belitung,2026-09-30,162500.0,0.0,0.0,0.1504,0.002,false
Daging Sapi Kualitas 1,Kepulauan Riau,2026-09-30,131900.0,0.0,0.005,0.1346,0.0055,false
Daging Sapi Kualitas 1,Lampung,2026-09-30,144400.0,0.0,0.0,0.1002,0.0011,false
Daging Sapi Kualitas 1,Maluku,2026-09-30,142500.0,0.0,-0.0172,0.0364,0.0068,false
Daging Sapi Kualitas 1,Maluku Utara,2026-09-30,150000.0,0.0,0.0,0.0345,0.0,false
Daging Sapi Kualitas 1,Nusa Tenggara Barat,2026-09-30,136900.0,0.0,-0.0044,0.1005,0.0037,false
Daging Sapi Kualitas 1,Nusa Tenggara Timur,2026-09-30,121650.0,0.0,0.0,0.0429,0.0035,false
Daging Sapi Kualitas 1,Papua,2026-09-30,162500.0,0.0046,0.0062,0.0491,0.0008,false
Daging Sapi Kualitas 1,Papua Barat,2026-09-30,170000.0,0.0,0.0303,0.1333,0.0046,false
Daging Sapi Kualitas 1,Riau,2026-09-30,150000.0,0.0,0.0169,0.0619,0.0022,false
Daging Sapi Kualitas 1,Semua Provinsi,2026-09-30,152250.0,-0.0023,0.002,0.084,0.0015,false
Daging Sapi Kualitas 1,Sulawesi Barat,2026-09-30,141650.0,0.0118,0.0118,0.1036,0.0026,false
Daging Sapi Kualitas 1,Sulawesi Selatan,2026-09-30,137250.0,0.0,0.0148,0.085,0.0021,false
Daging Sapi Kualitas 1,Sulawesi Tengah,2026-09-30,149400.0,-0.004,0.0,0.0393,0.0015,false
Daging Sapi Kualitas 1,Sulawesi Tenggara,2026-09-30,141250.0,0.0,0.0,0.018,0.0,false
Daging Sapi Kualitas 1,Sulawesi Utara,2026-09-30,155000.0,-0.008,-0.008,0.1589,0.0027,false
Daging Sapi Kualitas 1,Sumatera Barat,2026-09-30,160000.0,0.0,0.0,0.0847,0.002,false
Daging Sapi Kualitas 1,Sumatera Selatan,2026-09-30,151250.0,0.0,0.0,0.0614,0.0046,false
Daging Sapi Kualitas 1,Sumatera Utara,2026-09-30,151250.0,0.002,0.0189,0.1204,0.0024,false
Daging Sapi Kualitas 2,Aceh,2026-09-30,135000.0,0.0,0.0,0.125,0.0088,false
Daging Sapi Kualitas 2,Bali,2026-09-30,133250.0,0.0137,0.035,0.0398,0.0025,false
Daging Sapi Kualitas 2,Banten,2026-09-30,143350.0,0.0,-0.0225,0.1061,0.0031,false
Daging Sapi Kualitas 2,Bengkulu,2026-09-30,150000.0,0.0,0.0,0.1161,0.0094,false
Daging Sapi Kualitas 2,DI Yogyakarta,2026-09-30,156250.0,0.0,0.0,0.1792,0.0,false
Daging Sapi Kualitas 2,DKI Jakarta,2026-09-30,145950.0,0.0,0.0,0.1086,0.0016,false
Daging Sapi Kualitas 2,Gorontalo,2026-09-30,150000.0,0.0,0.0,0.1111,0.0224,false
Daging Sapi Kualitas 2,Jawa Barat,2026-09-30,148450.0,0.0,0.0,0.1054,0.0058,false
Daging Sapi Kualitas 2,Jawa Tengah,2026-09-30,144050.0,0.0,0.0073,0.1711,0.0031,false
Daging Sapi Kualitas 2,Jawa Timur,2026-09-30,132800.0,0.0072,0.0204,0.1578,0.0026,false
Daging Sapi Kualitas 2,Kalimantan Barat,2026-09-30,147900.0,0.0,0.0027,0.0441,0.0009,false
Daging Sapi Kualitas 2,Kalimantan Selatan,2026-09-30,165400.0,0.0,0.0,0.0393,0.0029,false
Daging Sapi Kualitas 2,Kalimantan Tengah,2026-09-30,155650.0,0.0,0.0081,0.0163,0.002,false
Daging Sapi Kualitas 2,Kalimantan Timur,2026-09-30,167500.0,0.0,0.0152,0.0635,0.0046,false
Daging Sapi Kualitas 2,Kalimantan Utara,2026-09-30,133500.0,0.0011,0.0045,-0.0632,0.0215,false
Daging Sapi Kualitas 2,Kepulauan Bangka Belitung,2026-09-30,139400.0,0.0,0.0,0.1094,0.0,false
Daging Sapi Kualitas 2,Kepulauan Riau,2026-09-30,125000.0,0.0,0.0417,0.1364,0.0052,false
Daging Sapi Kualitas 2,Lampung,2026-09-30,137500.0,0.0,0.0,0.0891,0.0011,false
Daging Sapi Kualitas 2,Maluku,2026-09-30,142500.0,0.0,-0.0172,0.0364,0.0068,false
Daging Sapi Kualitas 2,Nusa Tenggara Barat,2026-09-30,126900.0,-0.0047,-0.0047,0.1215,0.0043,false
Daging Sapi Kualitas 2,Nusa Tenggara Timur,2026-09-30,118350.0,0.0,0.0,0.0441,0.0036,false
Daging Sapi Kualitas 2,Papua,2026-09-30,156400.0,0.0016,0.0032,0.0575,0.0008,false
Daging Sapi Kualitas 2,Papua Barat,2026-09-30,165000.0,0.0,0.0313,0.1379,0.0048,false
Daging Sapi Kualitas 2,Riau,2026-09-30,119150.0,0.0,0.0214,0.0916,0.0028,false
Daging Sapi Kualitas 2,Semua Provinsi,2026-09-30,143250.0,-0.0003,0.0042,0.0828,0.0017,false
Daging Sapi Kualitas 2,Sulawesi Barat,2026-09-30,140000.0,0.0182,0.0182,0.098,0.0032,false
Daging Sapi Kualitas 2,Sulawesi Selatan,2026-09-30,137250.0,0.0,0.0148,0.085,0.0021,false
Daging Sapi Kualitas 2,Sulawesi Tengah,2026-09-30,149400.0,-0.004,0.0,0.0393,0.0015,false
Daging Sapi Kualitas 2,Sulawesi Tenggara,2026-09-30,137500.0,0.0,0.0,0.0185,0.0,false
Daging Sapi Kualitas 2,Sulawesi Utara,2026-09-30,155000.0,-0.008,-0.008,0.1589,0.0027,false
Daging Sapi Kualitas 2,Sumatera Barat,2026-09-30,156250.0,0.0,0.0,0.0776,0.0,false
Daging Sapi Kualitas 2,Sumatera Selatan,2026-09-30,143750.0,0.0,0.0,0.0455,0.0049,false
Daging Sapi Kualitas 2,Sumatera Utara,2026-09-30,130000.0,0.0,0.0097,0.0947,0.0037,false
Gula Pasir Kualitas Premium,Aceh,2026-09-30,20500.0,0.0,0.0,0.0049,0.0013,false
Gula Pasir Kualitas Premium,Bali,2026-09-30,19900.0,-0.0025,-0.0025,0.0338,0.0003,false
Gula Pasir Kualitas Premium,Banten,2026-09-30,20300.0,0.0227,0.015,0.0684,0.0045,false
Gula Pasir Kualitas Premium,Bengkulu,2026-09-30,19750.0,0.0,0.0,0.0395,0.0023,false
Gula Pasir Kualitas Premium,DI Yogyakarta,2026-09-30,18750.0,0.0,0.0,0.0274,0.0,false
Gula Pasir Kualitas Premium,DKI Jakarta,2026-09-30,20400.0,0.0,0.0,0.0355,0.0,false
Gula Pasir Kualitas Premium,Gorontalo,2026-09-30,20500.0,0.0,-0.0238,0.025,0.0253,false
Gula Pasir Kualitas Premium,Jambi,2026-09-30,19450.0,0.0,0.0052,0.0429,0.0026,false
Gula Pasir Kualitas Premium,Jawa Barat,2026-09-30,19350.0,0.0,0.0,0.0184,0.0016,false
Gula Pasir Kualitas Premium,Jawa Tengah,2026-09-30,19250.0,0.0,0.0052,0.0239,0.0019,false
Gula Pasir Kualitas Premium,Jawa Timur,2026-09-30,18650.0,0.0,0.0027,0.039,0.0021,false
Gula Pasir Kualitas Premium,Kalimantan Barat,2026-09-30,21100.0,0.0,0.0,0.0576,0.003,false
Gula Pasir Kualitas Premium,Kalimantan Selatan,2026-09-30,20150.0,0.0,0.0,0.0075,0.0,false
Gula Pasir Kualitas Premium,Kalimantan Tengah,2026-09-30,22900.0,0.0,-0.0129,-0.0214,0.003,false
Gula Pasir Kualitas Premium,Kalimantan Timur,2026-09-30,20000.0,0.0,-0.0244,0.0178,0.0105,false
Gula Pasir Kualitas Premium,Kalimantan Utara,2026-09-30,19600.0,0.0,0.0,0.0103,0.0093,false
Gula Pasir Kualitas Premium,Kepulauan Bangka Belitung,2026-09-30,19250.0,0.0,0.0,0.0267,0.0007,false
Gula Pasir Kualitas Premium,Kepulauan Riau,2026-09-30,19150.0,0.0,0.0,0.0268,0.0,false
Gula Pasir Kualitas Premium,Lampung,2026-09-30,19150.0,-0.0026,0.0026,0.0296,0.0007,false
Gula Pasir Kualitas Premium,Maluku,2026-09-30,23500.0,0.0,0.0,-0.0063,0.0005,false
Gula Pasir Kualitas Premium,Maluku Utara,2026-09-30,19000.0,0.0,0.0,0.0,,false
Gula Pasir Kualitas Premium,Nusa Tenggara Barat,2026-09-30,19000.0,0.0,0.0188,0.1411,0.0023,false
Gula Pasir Kualitas Premium,Nusa Tenggara Timur,2026-09-30,20250.0,0.0,0.0,0.0176,0.0,false
Gula Pasir Kualitas Premium,Papua,2026-09-30,26800.0,0.0,-0.0019,0.0037,0.0007,false
Gula Pasir Kualitas Premium,Papua Barat,2026-09-30,23750.0,0.0,0.0215,0.0674,0.0027,false
Gula Pasir Kualitas Premium,Riau,2026-09-30,18200.0,0.0,0.0,0.0282,0.0,false
Gula Pasir Kualitas Premium,Semua Provinsi,2026-09-30,20300.0,0.0,-0.0025,0.0253,0.0018,false
Gula Pasir Kualitas Premium,Sulawesi Barat,2026-09-30,23000.0,0.0,0.0,0.0698,0.0,false
Gula Pasir Kualitas Premium,Sulawesi Selatan,2026-09-30,17750.0,0.0,0.0201,0.032,0.0025,false
Gula Pasir Kualitas Premium,Sulawesi Tengah,2026-09-30,21650.0,0.0188,0.0,-0.0114,0.0069,false
Gula Pasir Kualitas Premium,Sulawesi Tenggara,2026-09-30,23000.0,0.0,0.0,0.0291,0.0023,false
Gula Pasir Kualitas Premium,Sulawesi Utara,2026-09-30,17500.0,0.0,0.0,0.0,0.0,false
Gula Pasir Kualitas Premium,Sumatera Barat,2026-09-30,19450.0,0.0,0.0026,0.0157,0.012,false
Gula Pasir Kualitas Premium,Sumatera Selatan,2026-09-30,19250.0,0.0,0.0052,0.0349,0.0112,false
Gula Pasir Kualitas Premium,Sumatera Utara,2026-09-30,20250.0,0.0025,0.0,0.0176,0.0027,false
Gula Pasir Lokal,Aceh,2026-09-30,19450.0,0.0,-0.0026,0.0658,0.0021,false
Gula Pasir Lokal,Bali,2026-09-30,17950.0,-0.0055,-0.0191,0.0228,0.0014,false
Gula Pasir Lokal,Banten,2026-09-30,19050.0,0.0214,-0.0052,0.0381,0.0046,false
Gula Pasir Lokal,Bengkulu,2026-09-30,19000.0,0.0,0.0,0.1014,0.0044,false
Gula Pasir Lokal,DI Yogyakarta,2026-09-30,18150.0,0.0,0.0,0.0836,0.001,false
Gula Pasir Lokal,DKI Jakarta,2026-09-30,19550.0,0.0,0.0,0.0344,0.0,false
Gula Pasir Lokal,Gorontalo,2026-09-30,20650.0,0.0,0.0073,0.0812,0.0055,false
Gula Pasir Lokal,Jambi,2026-09-30,18900.0,0.0,0.0,0.0648,0.0022,false
Gula Pasir Lokal,Jawa Barat,2026-09-30,18650.0,0.0027,0.0108,0.0537,0.0026,false
Gula Pasir Lokal,Jawa Tengah,2026-09-30,18050.0,0.0028,0.0198,0.0873,0.0025,false
Gula Pasir Lokal,Jawa Timur,2026-09-30,17450.0,0.0,0.0145,0.0805,0.0015,false
Gula Pasir Lokal,Kalimantan Barat,2026-09-30,19600.0,0.0,0.0208,0.1136,0.0023,false
Gula Pasir Lokal,Kalimantan Selatan,2026-09-30,18900.0,0.0,0.0134,0.0862,0.0019,false
Gula Pasir Lokal,Kalimantan Tengah,2026-09-30,19650.0,0.0077,0.0155,0.0826,0.0014,false
Gula Pasir Lokal,Kalimantan Timur,2026-09-30,19500.0,0.0,0.0,0.0685,0.0027,false
Gula Pasir Lokal,Kalimantan Utara,2026-09-30,20000.0,0.0,0.0,0.0309,0.0,false
Gula Pasir Lokal,Kepulauan Bangka Belitung,2026-09-30,18200.0,0.0,0.0,0.0055,0.0021,false
Gula Pasir Lokal,Kepulauan Riau,2026-09-30,16000.0,-0.0123,-0.0123,0.0959,0.0082,false
Gula Pasir Lokal,Lampung,2026-09-30,18600.0,0.0054,0.0109,0.0538,0.001,false
Gula Pasir Lokal,Maluku,2026-09-30,19900.0,0.0,0.0076,0.0529,0.0016,false
Gula Pasir Lokal,Maluku Utara,2026-09-30,21000.0,0.0,0.0,0.0244,0.003,false
Gula Pasir Lokal,Nusa Tenggara Barat,2026-09-30,18900.0,0.0,0.0272,0.0862,0.0034,false
Gula Pasir Lokal,Nusa Tenggara Timur,2026-09-30,19600.0,0.0,0.0,0.0182,0.0,false
Gula Pasir Lokal,Papua,2026-09-30,22100.0,0.0,0.0,0.0,0.0008,false
Gula Pasir Lokal,Papua Barat,2026-09-30,20000.0,-0.0123,-0.0361,0.0526,0.0046,false
Gula Pasir Lokal,Riau,2026-09-30,19100.0,0.0053,0.0079,0.067,0.0009,false
Gula Pasir Lokal,Semua Provinsi,2026-09-30,19150.0,0.0,0.0026,0.058,0.0014,false
Gula Pasir Lokal,Sulawesi Barat,2026-09-30,18600.0,0.0,0.0,0.0333,0.0,false
Gula Pasir Lokal,Sulawesi Selatan,2026-09-30,18450.0,0.0,0.0082,0.0424,0.0022,false
Gula Pasir Lokal,Sulawesi Tengah,2026-09-30,19900.0,0.0076,0.0,0.0529,0.0029,false
Gula Pasir Lokal,Sulawesi Tenggara,2026-09-30,19400.0,0.0,0.0,0.0838,0.0,false
Gula Pasir Lokal,Sulawesi Utara,2026-09-30,20000.0,0.005,0.005,0.1019,0.0012,false
Gula Pasir Lokal,Sumatera Barat,2026-09-30,18900.0,0.0027,0.0134,0.08,0.0027,false
Gula Pasir Lokal,Sumatera Selatan,2026-09-30,18650.0,0.0,0.0081,0.039,0.0103,false
Gula Pasir Lokal,Sumatera Utara,2026-09-30,19150.0,0.0026,0.0052,0.0551,0.0015,false
Minyak Goreng Curah,Aceh,2026-09-30,20100.0,0.0,-0.0123,0.0865,0.0025,false
Minyak Goreng Curah,Bali,2026-09-30,22050.0,0.0,-0.0068,0.1395,0.0014,false
Minyak Goreng Curah,Banten,2026-09-30,18100.0,0.0,0.0,0.0742,0.0024,false
Minyak Goreng Curah,Bengkulu,2026-09-30,20000.0,0.0,0.0,0.1561,0.0,false
Minyak Goreng Curah,DI Yogyakarta,2026-09-30,20750.0,0.0,0.0048,0.1433,0.0011,false
Minyak Goreng Curah,DKI Jakarta,2026-09-30,22450.0,0.0,0.0135,0.1114,0.0033,false
Minyak Goreng Curah,Gorontalo,2026-09-30,22000.0,0.0,0.0,0.0891,0.0097,false
Minyak Goreng Curah,Jambi,2026-09-30,20500.0,0.0,0.0,0.0933,0.0015,false
Minyak Goreng Curah,Jawa Barat,2026-09-30,21750.0,0.0,0.0,0.1041,0.0062,false
Minyak Goreng Curah,Jawa Tengah,2026-09-30,20500.0,-0.0049,0.0024,0.0875,0.0024,false
Minyak Goreng Curah,Jawa Timur,2026-09-30,21550.0,-0.0023,-0.0023,0.1342,0.0021,false
Minyak Goreng Curah,Kalimantan Barat,2026-09-30,18800.0,0.0,0.0,0.0712,0.0019,false
Minyak Goreng Curah,Kalimantan Selatan,2026-09-30,19000.0,0.0,-0.0052,0.0951,0.0012,false
Minyak Goreng Curah,Kalimantan Tengah,2026-09-30,18550.0,0.0,-0.008,0.0976,0.0012,false
Minyak Goreng Curah,Kalimantan Timur,2026-09-30,22700.0,-0.0109,0.0413,0.1947,0.0307,false
Minyak Goreng Curah,Kalimantan Utara,2026-09-30,20000.0,0.0,0.0,0.0667,0.0028,false
Minyak Goreng Curah,Kepulauan Riau,2026-09-30,19500.0,-0.0102,-0.0102,0.0894,0.005,false
Minyak Goreng Curah,Lampung,2026-09-30,21950.0,-0.0045,0.0069,0.1676,0.002,false
Minyak Goreng Curah,Maluku,2026-09-30,16000.0,0.0,0.0,0.0,,false
Minyak Goreng Curah,Maluku Utara,2026-09-30,24000.0,0.0,0.0,0.0909,0.0027,false
Minyak Goreng Curah,Nusa Tenggara Barat,2026-09-30,22900.0,-0.0022,-0.0022,0.1421,0.0018,false
Minyak Goreng Curah,Nusa Tenggara Timur,2026-09-30,16350.0,0.0,0.0,-0.0917,0.0,false
Minyak Goreng Curah,Papua,2026-09-30,22700.0,0.0,-0.0022,0.0461,0.002,false
Minyak Goreng Curah,Riau,2026-09-30,21000.0,-0.0047,-0.0071,0.1053,0.0019,false
Minyak Goreng Curah,Semua Provinsi,2026-09-30,20450.0,0.0,0.0,0.0995,0.0016,false
Minyak Goreng Curah,Sulawesi Barat,2026-09-30,19850.0,0.0,0.0,0.1541,0.0048,false
Minyak Goreng Curah,Sulawesi Selatan,2026-09-30,19350.0,0.0,0.0131,0.0963,0.0025,false
Minyak Goreng Curah,Sulawesi Tengah,2026-09-30,18250.0,-0.0162,0.0,0.0735,0.0061,false
Minyak Goreng Curah,Sulawesi Tenggara,2026-09-30,19000.0,0.0,-0.0843,0.1079,0.0108,false
Minyak Goreng Curah,Sulawesi Utara,2026-09-30,17200.0,0.0,0.0,0.1242,0.0032,false
Minyak Goreng Curah,Sumatera Barat,2026-09-30,20500.0,0.0,0.0049,0.0847,0.0034,false
Minyak Goreng Curah,Sumatera Selatan,2026-09-30,20650.0,0.0,0.0,0.0,0.0036,false
Minyak Goreng Curah,Sumatera Utara,2026-09-30,20900.0,0.0024,0.0024,0.0942,0.0017,false
Minyak Goreng Kemasan Bermerk 1,Aceh,2026-09-30,24150.0,0.0,0.0,0.0854,0.0,false
Minyak Goreng Kemasan Bermerk 1,Bali,2026-09-30,22950.0,0.0,0.0022,0.0724,0.0018,false
Minyak Goreng Kemasan Bermerk 1,Banten,2026-09-30,19650.0,0.0,0.0,0.1133,0.0043,false
Minyak Goreng Kemasan Bermerk 1,Bengkulu,2026-09-30,24000.0,0.0,0.0,0.1348,0.0,false
Minyak Goreng Kemasan Bermerk 1,DI Yogyakarta,2026-09-30,24000.0,0.0,0.0,0.1034,0.0013,false
Minyak Goreng Kemasan Bermerk 1,DKI Jakarta,2026-09-30,22950.0,0.0,0.0,0.0775,0.0,false
Minyak Goreng Kemasan Bermerk 1,Gorontalo,2026-09-30,31450.0,0.0,0.0,0.1172,0.0055,false
Minyak Goreng Kemasan Bermerk 1,Jambi,2026-09-30,24400.0,0.0,0.0,0.0966,0.0022,false
Minyak Goreng Kemasan Bermerk 1,Jawa Barat,2026-09-30,23350.0,0.0,0.0,0.076,0.0035,false
Minyak Goreng Kemasan Bermerk 1,Jawa Tengah,2026-09-30,22750.0,-0.0022,0.0,0.0938,0.003,false
Minyak Goreng Kemasan Bermerk 1,Jawa Timur,2026-09-30,22850.0,0.0,0.0022,0.0829,0.002,false
Minyak Goreng Kemasan Bermerk 1,Kalimantan Barat,2026-09-30,24000.0,0.0,0.0021,0.0909,0.0005,false
Minyak Goreng Kemasan Bermerk 1,Kalimantan Selatan,2026-09-30,24500.0,0.0,0.0,0.0606,0.0013,false
Minyak Goreng Kemasan Bermerk 1,Kalimantan Tengah,2026-09-30,26400.0,0.0,0.0,0.1,0.0007,false
Minyak Goreng Kemasan Bermerk 1,Kalimantan Timur,2026-09-30,23250.0,0.0,-0.0606,0.0333,0.0278,false
Minyak Goreng Kemasan Bermerk 1,Kalimantan Utara,2026-09-30,24350.0,0.0,0.0083,0.1195,0.0028,false
Minyak Goreng Kemasan Bermerk 1,Kepulauan Bangka Belitung,2026-09-30,21900.0,0.0,0.0,0.0762,0.0009,false
Minyak Goreng Kemasan Bermerk 1,Kepulauan Riau,2026-09-30,21100.0,0.0,-0.0047,0.0576,0.0014,false
Minyak Goreng Kemasan Bermerk 1,Lampung,2026-09-30,22850.0,0.0,0.0,0.0293,0.0022,false
Minyak Goreng Kemasan Bermerk 1,Maluku,2026-09-30,27000.0,0.0,0.0189,0.1538,0.0058,false
Minyak Goreng Kemasan Bermerk 1,Maluku Utara,2026-09-30,27500.0,0.0,0.0,0.1,0.01,false
Minyak Goreng Kemasan Bermerk 1,Nusa Tenggara Barat,2026-09-30,25250.0,0.004,-0.0059,0.0722,0.005,false
Minyak Goreng Kemasan Bermerk 1,Nusa Tenggara Timur,2026-09-30,24250.0,0.0041,0.0041,0.0297,0.0011,false
Minyak Goreng Kemasan Bermerk 1,Papua,2026-09-30,29850.0,0.0,-0.0017,0.0661,0.0033,false
Minyak Goreng Kemasan Bermerk 1,Papua Barat,2026-09-30,27650.0,0.0,0.0336,0.106,0.0043,false
Minyak Goreng Kemasan Bermerk 1,Riau,2026-09-30,23100.0,0.0,0.0065,0.0974,0.0024,false
Minyak Goreng Kemasan Bermerk 1,Semua Provinsi,2026-09-30,24300.0,0.0,0.0,0.0848,0.0014,false
Minyak Goreng Kemasan Bermerk 1,Sulawesi Barat,2026-09-30,24400.0,0.0,0.0,0.054,0.0025,false
Minyak Goreng Kemasan Bermerk 1,Sulawesi Selatan,2026-09-30,23350.0,0.0065,0.0086,0.0886,0.0024,false
Minyak Goreng Kemasan Bermerk 1,Sulawesi Tengah,2026-09-30,23750.0,0.0215,0.0,0.0556,0.0077,false
Minyak Goreng Kemasan Bermerk 1,Sulawesi Tenggara,2026-09-30,26650.0,-0.0184,-0.0309,0.1151,0.0054,false
Minyak Goreng Kemasan Bermerk 1,Sulawesi Utara,2026-09-30,23750.0,0.0,0.0,0.1098,0.0012,false
Minyak Goreng Kemasan Bermerk 1,Sumatera Barat,2026-09-30,24900.0,0.0,0.004,0.071,0.0086,false
Minyak Goreng Kemasan Bermerk 1,Sumatera Selatan,2026-09-30,21400.0,0.0,0.0,0.0363,0.0029,false
Minyak Goreng Kemasan Bermerk 1,Sumatera Utara,2026-09-30,22900.0,-0.0022,0.0,0.0802,0.0029,false
Minyak Goreng Kemasan Bermerk 2,Aceh,2026-09-30,24400.0,0.0,0.0,0.0893,0.0,false
Minyak Goreng Kemasan Bermerk 2,Bali,2026-09-30,24350.0,0.0,0.0318,0.1247,0.0026,false
Minyak Goreng Kemasan Bermerk 2,Banten,2026-09-30,23650.0,0.0,0.0,0.0465,0.0026,false
Minyak Goreng Kemasan Bermerk 2,Bengkulu,2026-09-30,23250.0,0.0,0.0,0.1453,0.002,false
Minyak Goreng Kemasan Bermerk 2,DI Yogyakarta,2026-09-30,23750.0,0.0,0.0,0.131,0.0013,false
Minyak Goreng Kemasan Bermerk 2,DKI Jakarta,2026-09-30,23200.0,0.0,0.0,0.11,0.0,false
Minyak Goreng Kemasan Bermerk 2,Gorontalo,2026-09-30,31100.0,0.0,0.0,0.0687,0.0056,false
Minyak Goreng Kemasan Bermerk 2,Jambi,2026-09-30,23000.0,0.0,0.0,0.15,0.0024,false
Minyak Goreng Kemasan Bermerk 2,Jawa Barat,2026-09-30,22600.0,0.0,0.0,0.0762,0.0097,false
Minyak Goreng Kemasan Bermerk 2,Jawa Tengah,2026-09-30,22200.0,0.0,0.0045,0.1184,0.0017,false
Minyak Goreng Kemasan Bermerk 2,Jawa Timur,2026-09-30,22250.0,0.0023,0.0068,0.0801,0.0015,false
Minyak Goreng Kemasan Bermerk 2,Kalimantan Barat,2026-09-30,23250.0,0.0,0.0288,0.0814,0.0032,false
Minyak Goreng Kemasan Bermerk 2,Kalimantan Selatan,2026-09-30,24350.0,0.0,0.0,0.0751,0.0011,false
Minyak Goreng Kemasan Bermerk 2,Kalimantan Tengah,2026-09-30,24400.0,0.0,0.0,0.1016,0.0,false
Minyak Goreng Kemasan Bermerk 2,Kalimantan Timur,2026-09-30,24750.0,0.0,0.0291,0.173,0.0115,false
Minyak Goreng Kemasan Bermerk 2,Kalimantan Utara,2026-09-30,23300.0,0.0,-0.0043,0.0991,0.0022,false
Minyak Goreng Kemasan Bermerk 2,Kepulauan Bangka Belitung,2026-09-30,19400.0,-0.0051,0.0,0.0718,0.0024,false
Minyak Goreng Kemasan Bermerk 2,Kepulauan Riau,2026-09-30,20200.0,0.0,0.0125,0.0773,0.0086,false
Minyak Goreng Kemasan Bermerk 2,Lampung,2026-09-30,21100.0,0.0,0.0048,0.1344,0.001,false
Minyak Goreng Kemasan Bermerk 2,Maluku,2026-09-30,26750.0,0.0,0.019,0.1555,0.0126,false
Minyak Goreng Kemasan Bermerk 2,Maluku Utara,2026-09-30,22500.0,0.0,0.0,0.1111,0.0,false
Minyak Goreng Kemasan Bermerk 2,Nusa Tenggara Barat,2026-09-30,23400.0,0.0423,0.0196,0.1277,0.0053,false
Minyak Goreng Kemasan Bermerk 2,Nusa Tenggara Timur,2026-09-30,23200.0,0.0,0.0,0.0474,0.0027,false
Minyak Goreng Kemasan Bermerk 2,Papua,2026-09-30,26700.0,0.0095,-0.0056,0.0533,0.0023,false
Minyak Goreng Kemasan Bermerk 2,Papua Barat,2026-09-30,23400.0,-0.0147,-0.0209,0.0636,0.004,false
Minyak Goreng Kemasan Bermerk 2,Riau,2026-09-30,22100.0,-0.0023,0.0091,0.1421,0.0017,false
Minyak Goreng Kemasan Bermerk 2,Semua Provinsi,2026-09-30,23550.0,0.0021,0.0043,0.1005,0.0018,false
Minyak Goreng Kemasan Bermerk 2,Sulawesi Barat,2026-09-30,25100.0,0.0,0.0,0.0842,0.0019,false
Minyak Goreng Kemasan Bermerk 2,Sulawesi Selatan,2026-09-30,22350.0,0.0045,0.0022,0.1259,0.0013,false
Minyak Goreng Kemasan Bermerk 2,Sulawesi Tengah,2026-09-30,24650.0,0.0061,0.0,0.1205,0.0024,false
Minyak Goreng Kemasan Bermerk 2,Sulawesi Tenggara,2026-09-30,24900.0,0.0,0.0,0.1141,0.0025,false
Minyak Goreng Kemasan Bermerk 2,Sulawesi Utara,2026-09-30,23000.0,0.0,0.0,0.1386,0.0035,false
Minyak Goreng Kemasan Bermerk 2,Sumatera Barat,2026-09-30,23100.0,0.0,0.0,0.1268,0.0087,false
Minyak Goreng Kemasan Bermerk 2,Sumatera Selatan,2026-09-30,21500.0,0.0,0.0,0.0047,0.0112,false
Minyak Goreng Kemasan Bermerk 2,Sumatera Utara,2026-09-30,23200.0,-0.0022,0.0087,0.0691,0.003,false
Telur Ayam Ras Segar,Aceh,2026-09-30,29400.0,0.0,-0.0233,-0.0101,0.0079,false
Telur Ayam Ras Segar,Bali,2026-09-30,29150.0,0.0,-0.0218,-0.0316,0.0026,false
Telur Ayam Ras Segar,Banten,2026-09-30,26500.0,-0.0056,0.0192,-0.0586,0.0112,false
Telur Ayam Ras Segar,Bengkulu,2026-09-30,29000.0,0.0069,0.0069,-0.0153,0.0074,false
Telur Ayam Ras Segar,DI Yogyakarta,2026-09-30,25900.0,0.0,0.0257,-0.0912,0.0136,false
Telur Ayam Ras Segar,DKI Jakarta,2026-09-30,26200.0,-0.0296,0.0195,-0.1043,0.0082,false
Telur Ayam Ras Segar,Gorontalo,2026-09-30,33800.0,0.0,-0.0059,-0.0329,0.0055,false
Telur Ayam Ras Segar,Jambi,2026-09-30,25900.0,0.0,-0.0152,-0.0077,0.0072,false
Telur Ayam Ras Segar,Jawa Barat,2026-09-30,26100.0,-0.0188,0.0019,-0.1062,0.0103,false
Telur Ayam Ras Segar,Jawa Tengah,2026-09-30,25100.0,-0.0157,0.0308,-0.1099,0.0087,false
Telur Ayam Ras Segar,Jawa Timur,2026-09-30,24850.0,-0.006,-0.006,-0.1188,0.0111,false
Telur Ayam Ras Segar,Kalimantan Barat,2026-09-30,30600.0,-0.0129,0.0033,-0.0332,0.0058,false
Telur Ayam Ras Segar,Kalimantan Selatan,2026-09-30,29600.0,0.0,0.0571,-0.0558,0.005,false
Telur Ayam Ras Segar,Kalimantan Tengah,2026-09-30,33000.0,0.0,0.0855,-0.006,0.0075,false
Telur Ayam Ras Segar,Kalimantan Timur,2026-09-30,31700.0,0.0,0.0514,0.0079,0.028,false
Telur Ayam Ras Segar,Kalimantan Utara,2026-09-30,30000.0,0.0033,0.0363,-0.1045,0.0073,false
Telur Ayam Ras Segar,Kepulauan Bangka Belitung,2026-09-30,33300.0,0.0,0.0,0.0122,0.0017,false
Telur Ayam Ras Segar,Kepulauan Riau,2026-09-30,29700.0,0.0034,-0.0034,-0.0526,0.003,false
Telur Ayam Ras Segar,Lampung,2026-09-30,25900.0,-0.0077,0.0097,-0.0944,0.0087,false
Telur Ayam Ras Segar,Maluku,2026-09-30,35200.0,-0.0112,-0.0056,-0.0168,0.0064,false
Telur Ayam Ras Segar,Maluku Utara,2026-09-30,41250.0,0.0,0.0,0.1164,0.0074,false
Telur Ayam Ras Segar,Nusa Tenggara Barat,2026-09-30,28450.0,-0.024,-0.024,-0.0405,0.0039,false
Telur Ayam Ras Segar,Nusa Tenggara Timur,2026-09-30,31250.0,-0.0095,0.0048,-0.034,0.0055,false
Telur Ayam Ras Segar,Papua,2026-09-30,37750.0,0.0013,-0.0066,-0.0321,0.0032,false
Telur Ayam Ras Segar,Papua Barat,2026-09-30,34550.0,0.0162,0.036,-0.0403,0.0098,false
Telur Ayam Ras Segar,Riau,2026-09-30,29900.0,-0.0066,-0.0066,-0.0197,0.0033,false
Telur Ayam Ras Segar,Semua Provinsi,2026-09-30,29900.0,-0.005,0.0118,-0.0339,0.0023,false
Telur Ayam Ras Segar,Sulawesi Barat,2026-09-30,29300.0,0.0,0.0446,0.0674,0.0067,false
Telur Ayam Ras Segar,Sulawesi Selatan,2026-09-30,25500.0,-0.002,0.0039,-0.0744,0.0067,false
Telur Ayam Ras Segar,Sulawesi Tengah,2026-09-30,30650.0,-0.0129,0.0183,-0.0346,0.0084,false
Telur Ayam Ras Segar,Sulawesi Tenggara,2026-09-30,29750.0,-0.0182,0.0439,-0.0703,0.0057,false
Telur Ayam Ras Segar,Sulawesi Utara,2026-09-30,30200.0,0.0,0.0272,0.0237,0.0039,false
Telur Ayam Ras Segar,Sumatera Barat,2026-09-30,28800.0,0.0,0.0,-0.0237,0.0052,false
Telur Ayam Ras Segar,Sumatera Selatan,2026-09-30,28150.0,-0.0088,0.0054,0.0072,0.0227,false
Telur Ayam Ras Segar,Sumatera Utara,2026-09-30,31000.0,0.0098,0.0081,0.0,0.0092,false
