commodity,region,price,national,gap_vs_national
Bawang Merah Ukuran Sedang,Papua,62150.0,37200.0,0.6707
Bawang Merah Ukuran Sedang,Maluku Utara,60000.0,37200.0,0.6129
Bawang Merah Ukuran Sedang,Papua Barat,52500.0,37200.0,0.4113
Bawang Merah Ukuran Sedang,Kalimantan Utara,45100.0,37200.0,0.2124
Bawang Merah Ukuran Sedang,Sulawesi Tenggara,42600.0,37200.0,0.1452
Bawang Merah Ukuran Sedang,Sulawesi Barat,42150.0,37200.0,0.1331
Bawang Merah Ukuran Sedang,Maluku,41900.0,37200.0,0.1263
Bawang Merah Ukuran Sedang,Sulawesi Utara,41900.0,37200.0,0.1263
Bawang Merah Ukuran Sedang,Sulawesi Tengah,41250.0,37200.0,0.1089
Bawang Merah Ukuran Sedang,Kalimantan Barat,41100.0,37200.0,0.1048
Bawang Merah Ukuran Sedang,Kepulauan Riau,39100.0,37200.0,0.0511
Bawang Merah Ukuran Sedang,Bengkulu,38750.0,37200.0,0.0417
Bawang Merah Ukuran Sedang,Gorontalo,38750.0,37200.0,0.0417
Bawang Merah Ukuran Sedang,Kepulauan Bangka Belitung,38000.0,37200.0,0.0215
Bawang Merah Ukuran Sedang,DKI Jakarta,37800.0,37200.0,0.0161
Bawang Merah Ukuran Sedang,DI Yogyakarta,37500.0,37200.0,0.0081
Bawang Merah Ukuran Sedang,Kalimantan Tengah,37250.0,37200.0,0.0013
Bawang Merah Ukuran Sedang,Kalimantan Timur,36750.0,37200.0,-0.0121
Bawang Merah Ukuran Sedang,Banten,35150.0,37200.0,-0.0551
Bawang Merah Ukuran Sedang,Sulawesi Selatan,35000.0,37200.0,-0.0591
Bawang Merah Ukuran Sedang,Jawa Barat,33750.0,37200.0,-0.0927
Bawang Merah Ukuran Sedang,Kalimantan Selatan,32900.0,37200.0,-0.1156
Bawang Merah Ukuran Sedang,Sumatera Utara,32550.0,37200.0,-0.125
Bawang Merah Ukuran Sedang,Sumatera Selatan,32250.0,37200.0,-0.1331
Bawang Merah Ukuran Sedang,Riau,31000.0,37200.0,-0.1667
Bawang Merah Ukuran Sedang,Lampung,30400.0,37200.0,-0.1828
Bawang Merah Ukuran Sedang,Nusa Tenggara Timur,30400.0,37200.0,-0.1828
Bawang Merah Ukuran Sedang,Jawa Tengah,30150.0,37200.0,-0.1895
Bawang Merah Ukuran Sedang,Aceh,30150.0,37200.0,-0.1895
Bawang Merah Ukuran Sedang,Sumatera Barat,29500.0,37200.0,-0.207
Bawang Merah Ukuran Sedang,Bali,28200.0,37200.0,-0.2419
Bawang Merah Ukuran Sedang,Jambi,28150.0,37200.0,-0.2433
Bawang Merah Ukuran Sedang,Jawa Timur,27750.0,37200.0,-0.254
Bawang Merah Ukuran Sedang,Nusa Tenggara Barat,22500.0,37200.0,-0.3952
Bawang Putih Ukuran Sedang,Maluku Utara,60000.0,38900.0,0.5424
Bawang Putih Ukuran Sedang,Papua,54400.0,38900.0,0.3985
Bawang Putih Ukuran Sedang,Papua Barat,51250.0,38900.0,0.3175
Bawang Putih Ukuran Sedang,Sulawesi Tenggara,45650.0,38900.0,0.1735
Bawang Putih Ukuran Sedang,Nusa Tenggara Timur,44600.0,38900.0,0.1465
Bawang Putih Ukuran Sedang,DKI Jakarta,43950.0,38900.0,0.1298
Bawang Putih Ukuran Sedang,DI Yogyakarta,42750.0,38900.0,0.099
Bawang Putih Ukuran Sedang,Maluku,42500.0,38900.0,0.0925
Bawang Putih Ukuran Sedang,Sulawesi Tengah,41250.0,38900.0,0.0604
Bawang Putih Ukuran Sedang,Sulawesi Utara,40650.0,38900.0,0.045
Bawang Putih Ukuran Sedang,Kalimantan Utara,40650.0,38900.0,0.045
Bawang Putih Ukuran Sedang,Kalimantan Timur,39600.0,38900.0,0.018
Bawang Putih Ukuran Sedang,Sulawesi Barat,39400.0,38900.0,0.0129
Bawang Putih Ukuran Sedang,Gorontalo,39400.0,38900.0,0.0129
Bawang Putih Ukuran Sedang,Bengkulu,38750.0,38900.0,-0.0039
Bawang Putih Ukuran Sedang,Jawa Barat,37850.0,38900.0,-0.027
Bawang Putih Ukuran Sedang,Jawa Tengah,37400.0,38900.0,-0.0386
Bawang Putih Ukuran Sedang,Banten,37100.0,38900.0,-0.0463
Bawang Putih Ukuran Sedang,Kalimantan Barat,37050.0,38900.0,-0.0476
Bawang Putih Ukuran Sedang,Kepulauan Bangka Belitung,36900.0,38900.0,-0.0514
Bawang Putih Ukuran Sedang,Kalimantan Tengah,36900.0,38900.0,-0.0514
Bawang Putih Ukuran Sedang,Sulawesi Selatan,36250.0,38900.0,-0.0681
Bawang Putih Ukuran Sedang,Riau,35850.0,38900.0,-0.0784
Bawang Putih Ukuran Sedang,Lampung,35500.0,38900.0,-0.0874
Bawang Putih Ukuran Sedang,Aceh,34850.0,38900.0,-0.1041
Bawang Putih Ukuran Sedang,Sumatera Utara,34850.0,38900.0,-0.1041
Bawang Putih Ukuran Sedang,Kalimantan Selatan,34100.0,38900.0,-0.1234
Bawang Putih Ukuran Sedang,Nusa Tenggara Barat,33700.0,38900.0,-0.1337
Bawang Putih Ukuran Sedang,Jambi,33250.0,38900.0,-0.1452
Bawang Putih Ukuran Sedang,Sumatera Barat,33250.0,38900.0,-0.1452
Bawang Putih Ukuran Sedang,Sumatera Selatan,32750.0,38900.0,-0.1581
Bawang Putih Ukuran Sedang,Bali,31400.0,38900.0,-0.1928
Bawang Putih Ukuran Sedang,Kepulauan Riau,29700.0,38900.0,-0.2365
Bawang Putih Ukuran Sedang,Jawa Timur,29050.0,38900.0,-0.2532
Beras Kualitas Bawah I,Kalimantan Tengah,18250.0,14900.0,0.2248
Beras Kualitas Bawah I,Papua,17800.0,14900.0,0.1946
Beras Kualitas Bawah I,Kalimantan Selatan,16750.0,14900.0,0.1242
Beras Kualitas Bawah I,Sumatera Barat,16650.0,14900.0,0.1174
Beras Kualitas Bawah I,Kalimantan Timur,16600.0,14900.0,0.1141
Beras Kualitas Bawah I,Maluku,15900.0,14900.0,0.0671
Beras Kualitas Bawah I,Riau,15900.0,14900.0,0.0671
Beras Kualitas Bawah I,Maluku Utara,15750.0,14900.0,0.057
Beras Kualitas Bawah I,Bengkulu,15700.0,14900.0,0.0537
Beras Kualitas Bawah I,Sulawesi Tengah,15600.0,14900.0,0.047
Beras Kualitas Bawah I,Kalimantan Utara,15550.0,14900.0,0.0436
Beras Kualitas Bawah I,Kalimantan Barat,15500.0,14900.0,0.0403
Beras Kualitas Bawah I,Banten,15350.0,14900.0,0.0302
Beras Kualitas Bawah I,Lampung,15200.0,14900.0,0.0201
Beras Kualitas Bawah I,Aceh,15100.0,14900.0,0.0134
Beras Kualitas Bawah I,DKI Jakarta,15000.0,14900.0,0.0067
Beras Kualitas Bawah I,Sulawesi Tenggara,14900.0,14900.0,0.0
Beras Kualitas Bawah I,Jawa Barat,14650.0,14900.0,-0.0168
Beras Kualitas Bawah I,Sulawesi Utara,14600.0,14900.0,-0.0201
Beras Kualitas Bawah I,Jawa Tengah,14550.0,14900.0,-0.0235
Beras Kualitas Bawah I,Jawa Timur,14450.0,14900.0,-0.0302
Beras Kualitas Bawah I,Sumatera Selatan,14350.0,14900.0,-0.0369
Beras Kualitas Bawah I,Kepulauan Riau,14250.0,14900.0,-0.0436
Beras Kualitas Bawah I,DI Yogyakarta,13750.0,14900.0,-0.0772
Beras Kualitas Bawah I,Sulawesi Barat,13700.0,14900.0,-0.0805
Beras Kualitas Bawah I,Sulawesi Selatan,13550.0,14900.0,-0.0906
Beras Kualitas Bawah I,Nusa Tenggara Barat,13500.0,14900.0,-0.094
Beras Kualitas Bawah I,Sumatera Utara,13450.0,14900.0,-0.0973
Beras Kualitas Bawah I,Bali,13150.0,14900.0,-0.1174
Beras Kualitas Bawah I,Jambi,13100.0,14900.0,-0.1208
Beras Kualitas Bawah I,Nusa Tenggara Timur,13000.0,14900.0,-0.1275
Beras Kualitas Bawah I,Papua Barat,12900.0,14900.0,-0.1342
Beras Kualitas Bawah I,Kepulauan Bangka Belitung,12450.0,14900.0,-0.1644
Beras Kualitas Bawah II,Kalimantan Selatan,18100.0,14700.0,0.2313
Beras Kualitas Bawah II,Papua,17600.0,14700.0,0.1973
Beras Kualitas Bawah II,Maluku Utara,17500.0,14700.0,0.1905
Beras Kualitas Bawah II,Papua Barat,17350.0,14700.0,0.1803
Beras Kualitas Bawah II,Sumatera Barat,16600.0,14700.0,0.1293
Beras Kualitas Bawah II,Kalimantan Utara,16150.0,14700.0,0.0986
Beras Kualitas Bawah II,Sulawesi Tengah,15800.0,14700.0,0.0748
Beras Kualitas Bawah II,Bali,15500.0,14700.0,0.0544
Beras Kualitas Bawah II,Kepulauan Bangka Belitung,15300.0,14700.0,0.0408
Beras Kualitas Bawah II,Kalimantan Tengah,15250.0,14700.0,0.0374
Beras Kualitas Bawah II,Aceh,15100.0,14700.0,0.0272
Beras Kualitas Bawah II,Sumatera Selatan,14950.0,14700.0,0.017
Beras Kualitas Bawah II,Banten,14850.0,14700.0,0.0102
Beras Kualitas Bawah II,Lampung,14800.0,14700.0,0.0068
Beras Kualitas Bawah II,Kalimantan Barat,14750.0,14700.0,0.0034
Beras Kualitas Bawah II,Sulawesi Tenggara,14650.0,14700.0,-0.0034
Beras Kualitas Bawah II,Kalimantan Timur,14650.0,14700.0,-0.0034
Beras Kualitas Bawah II,DKI Jakarta,14300.0,14700.0,-0.0272
Beras Kualitas Bawah II,Jawa Timur,14250.0,14700.0,-0.0306
Beras Kualitas Bawah II,Sulawesi Utara,14150.0,14700.0,-0.0374
Beras Kualitas Bawah II,Sumatera Utara,14100.0,14700.0,-0.0408
Beras Kualitas Bawah II,Jawa Barat,14100.0,14700.0,-0.0408
Beras Kualitas Bawah II,Jawa Tengah,14050.0,14700.0,-0.0442
Beras Kualitas Bawah II,Riau,13750.0,14700.0,-0.0646
Beras Kualitas Bawah II,Kepulauan Riau,13700.0,14700.0,-0.068
Beras Kualitas Bawah II,Sulawesi Barat,13700.0,14700.0,-0.068
Beras Kualitas Bawah II,Sulawesi Selatan,13600.0,14700.0,-0.0748
Beras Kualitas Bawah II,Maluku,13500.0,14700.0,-0.0816
Beras Kualitas Bawah II,Nusa Tenggara Timur,13250.0,14700.0,-0.0986
Beras Kualitas Bawah II,Nusa Tenggara Barat,12750.0,14700.0,-0.1327
Beras Kualitas Bawah II,Bengkulu,12650.0,14700.0,-0.1395
Beras Kualitas Bawah II,DI Yogyakarta,12400.0,14700.0,-0.1565
Beras Kualitas Bawah II,Jambi,12200.0,14700.0,-0.1701
Beras Kualitas Medium I,Kalimantan Selatan,20450.0,16600.0,0.2319
Beras Kualitas Medium I,Kalimantan Tengah,19900.0,16600.0,0.1988
Beras Kualitas Medium I,Papua,19550.0,16600.0,0.1777
Beras Kualitas Medium I,Sumatera Barat,18650.0,16600.0,0.1235
Beras Kualitas Medium I,Maluku Utara,18000.0,16600.0,0.0843
Beras Kualitas Medium I,Papua Barat,18000.0,16600.0,0.0843
Beras Kualitas Medium I,Maluku,17500.0,16600.0,0.0542
Beras Kualitas Medium I,Kalimantan Barat,17400.0,16600.0,0.0482
Beras Kualitas Medium I,Kalimantan Utara,17300.0,16600.0,0.0422
Beras Kualitas Medium I,Kalimantan Timur,17250.0,16600.0,0.0392
Beras Kualitas Medium I,DKI Jakarta,17050.0,16600.0,0.0271
Beras Kualitas Medium I,Riau,17000.0,16600.0,0.0241
Beras Kualitas Medium I,Sulawesi Utara,16900.0,16600.0,0.0181
Beras Kualitas Medium I,Jambi,16750.0,16600.0,0.009
Beras Kualitas Medium I,Sumatera Selatan,16650.0,16600.0,0.003
Beras Kualitas Medium I,Kepulauan Bangka Belitung,16550.0,16600.0,-0.003
Beras Kualitas Medium I,Banten,16350.0,16600.0,-0.0151
Beras Kualitas Medium I,Bengkulu,16300.0,16600.0,-0.0181
Beras Kualitas Medium I,Gorontalo,16250.0,16600.0,-0.0211
Beras Kualitas Medium I,Jawa Tengah,16100.0,16600.0,-0.0301
Beras Kualitas Medium I,Lampung,16050.0,16600.0,-0.0331
Beras Kualitas Medium I,Sulawesi Tenggara,16000.0,16600.0,-0.0361
Beras Kualitas Medium I,Sulawesi Tengah,16000.0,16600.0,-0.0361
Beras Kualitas Medium I,Aceh,15800.0,16600.0,-0.0482
Beras Kualitas Medium I,Jawa Barat,15800.0,16600.0,-0.0482
Beras Kualitas Medium I,Bali,15750.0,16600.0,-0.0512
Beras Kualitas Medium I,Sumatera Utara,15650.0,16600.0,-0.0572
Beras Kualitas Medium I,Kepulauan Riau,15400.0,16600.0,-0.0723
Beras Kualitas Medium I,DI Yogyakarta,15400.0,16600.0,-0.0723
Beras Kualitas Medium I,Jawa Timur,15250.0,16600.0,-0.0813
Beras Kualitas Medium I,Sulawesi Selatan,14950.0,16600.0,-0.0994
Beras Kualitas Medium I,Nusa Tenggara Timur,14850.0,16600.0,-0.1054
Beras Kualitas Medium I,Sulawesi Barat,14650.0,16600.0,-0.1175
Beras Kualitas Medium I,Nusa Tenggara Barat,13650.0,16600.0,-0.1777
Beras Kualitas Medium II,Kalimantan Selatan,23350.0,16400.0,0.4238
Beras Kualitas Medium II,Papua,19250.0,16400.0,0.1738
Beras Kualitas Medium II,Kalimantan Tengah,19100.0,16400.0,0.1646
Beras Kualitas Medium II,Sumatera Barat,18450.0,16400.0,0.125
Beras Kualitas Medium II,Kalimantan Utara,18150.0,16400.0,0.1067
Beras Kualitas Medium II,Papua Barat,17300.0,16400.0,0.0549
Beras Kualitas Medium II,Sulawesi Utara,17100.0,16400.0,0.0427
Beras Kualitas Medium II,Riau,17000.0,16400.0,0.0366
Beras Kualitas Medium II,Kalimantan Barat,17000.0,16400.0,0.0366
Beras Kualitas Medium II,Sumatera Selatan,16900.0,16400.0,0.0305
Beras Kualitas Medium II,Maluku,16750.0,16400.0,0.0213
Beras Kualitas Medium II,Maluku Utara,16750.0,16400.0,0.0213
Beras Kualitas Medium II,Kalimantan Timur,16500.0,16400.0,0.0061
Beras Kualitas Medium II,Bengkulu,16400.0,16400.0,0.0
Beras Kualitas Medium II,Jambi,16400.0,16400.0,0.0
Beras Kualitas Medium II,Sulawesi Tengah,16250.0,16400.0,-0.0091
Beras Kualitas Medium II,DKI Jakarta,16200.0,16400.0,-0.0122
Beras Kualitas Medium II,Bali,16150.0,16400.0,-0.0152
Beras Kualitas Medium II,Sumatera Utara,16000.0,16400.0,-0.0244
Beras Kualitas Medium II,Banten,15850.0,16400.0,-0.0335
Beras Kualitas Medium II,Kepulauan Riau,15850.0,16400.0,-0.0335
Beras Kualitas Medium II,Sulawesi Tenggara,15800.0,16400.0,-0.0366
Beras Kualitas Medium II,Lampung,15800.0,16400.0,-0.0366
Beras Kualitas Medium II,Kepulauan Bangka Belitung,15750.0,16400.0,-0.0396
Beras Kualitas Medium II,Aceh,15200.0,16400.0,-0.0732
Beras Kualitas Medium II,Jawa Barat,15200.0,16400.0,-0.0732
Beras Kualitas Medium II,Jawa Tengah,15200.0,16400.0,-0.0732
Beras Kualitas Medium II,Nusa Tenggara Timur,15150.0,16400.0,-0.0762
Beras Kualitas Medium II,Jawa Timur,14750.0,16400.0,-0.1006
Beras Kualitas Medium II,Sulawesi Selatan,14750.0,16400.0,-0.1006
Beras Kualitas Medium II,Sulawesi Barat,14550.0,16400.0,-0.1128
Beras Kualitas Medium II,DI Yogyakarta,14500.0,16400.0,-0.1159
Beras Kualitas Medium II,Nusa Tenggara Barat,12500.0,16400.0,-0.2378
Beras Kualitas Super I,Kalimantan Tengah,26150.0,17950.0,0.4568
Beras Kualitas Super I,DKI Jakarta,21350.0,17950.0,0.1894
Beras Kualitas Super I,Papua,21050.0,17950.0,0.1727
Beras Kualitas Super I,Maluku Utara,19750.0,17950.0,0.1003
Beras Kualitas Super I,Kalimantan Selatan,19700.0,17950.0,0.0975
Beras Kualitas Super I,Maluku,19350.0,17950.0,0.078
Beras Kualitas Super I,Sumatera Barat,19200.0,17950.0,0.0696
Beras Kualitas Super I,Papua Barat,18900.0,17950.0,0.0529
Beras Kualitas Super I,Kalimantan Barat,18700.0,17950.0,0.0418
Beras Kualitas Super I,Riau,18400.0,17950.0,0.0251
Beras Kualitas Super I,Banten,18150.0,17950.0,0.0111
Beras Kualitas Super I,Jambi,18050.0,17950.0,0.0056
Beras Kualitas Super I,Sumatera Selatan,18000.0,17950.0,0.0028
Beras Kualitas Super I,Kalimantan Utara,18000.0,17950.0,0.0028
Beras Kualitas Super I,Sulawesi Utara,17800.0,17950.0,-0.0084
Beras Kualitas Super I,Bengkulu,17750.0,17950.0,-0.0111
Beras Kualitas Super I,Jawa Tengah,17650.0,17950.0,-0.0167
Beras Kualitas Super I,Kalimantan Timur,17600.0,17950.0,-0.0195
Beras Kualitas Super I,Jawa Barat,17400.0,17950.0,-0.0306
Beras Kualitas Super I,Kepulauan Bangka Belitung,17250.0,17950.0,-0.039
Beras Kualitas Super I,Gorontalo,17150.0,17950.0,-0.0446
Beras Kualitas Super I,Sulawesi Tengah,17050.0,17950.0,-0.0501
Beras Kualitas Super I,DI Yogyakarta,16900.0,17950.0,-0.0585
Beras Kualitas Super I,Sulawesi Tenggara,16750.0,17950.0,-0.0669
Beras Kualitas Super I,Kepulauan Riau,16750.0,17950.0,-0.0669
Beras Kualitas Super I,Bali,16700.0,17950.0,-0.0696
Beras Kualitas Super I,Sumatera Utara,16650.0,17950.0,-0.0724
Beras Kualitas Super I,Jawa Timur,16400.0,17950.0,-0.0864
Beras Kualitas Super I,Aceh,16400.0,17950.0,-0.0864
Beras Kualitas Super I,Nusa Tenggara Timur,16300.0,17950.0,-0.0919
Beras Kualitas Super I,Lampung,16150.0,17950.0,-0.1003
Beras Kualitas Super I,Sulawesi Barat,15550.0,17950.0,-0.1337
Beras Kualitas Super I,Nusa Tenggara Barat,15500.0,17950.0,-0.1365
Beras Kualitas Super I,Sulawesi Selatan,15400.0,17950.0,-0.1421
Beras Kualitas Super II,Kalimantan Tengah,22250.0,17350.0,0.2824
Beras Kualitas Super II,Papua,20200.0,17350.0,0.1643
Beras Kualitas Super II,Kalimantan Selatan,20050.0,17350.0,0.1556
Beras Kualitas Super II,Maluku,19900.0,17350.0,0.147
Beras Kualitas Super II,Sumatera Barat,18850.0,17350.0,0.0865
Beras Kualitas Super II,Maluku Utara,18750.0,17350.0,0.0807
Beras Kualitas Super II,Papua Barat,18650.0,17350.0,0.0749
Beras Kualitas Super II,Kalimantan Barat,18350.0,17350.0,0.0576
Beras Kualitas Super II,DKI Jakarta,17800.0,17350.0,0.0259
Beras Kualitas Super II,Riau,17700.0,17350.0,0.0202
Beras Kualitas Super II,Kalimantan Utara,17650.0,17350.0,0.0173
Beras Kualitas Super II,Jambi,17550.0,17350.0,0.0115
Beras Kualitas Super II,Sulawesi Utara,17400.0,17350.0,0.0029
Beras Kualitas Super II,Banten,17350.0,17350.0,0.0
Beras Kualitas Super II,Kepulauan Bangka Belitung,17150.0,17350.0,-0.0115
Beras Kualitas Super II,Sulawesi Tengah,17150.0,17350.0,-0.0115
Beras Kualitas Super II,Kalimantan Timur,17050.0,17350.0,-0.0173
Beras Kualitas Super II,Bengkulu,17000.0,17350.0,-0.0202
Beras Kualitas Super II,Sumatera Utara,16950.0,17350.0,-0.0231
Beras Kualitas Super II,Sumatera Selatan,16900.0,17350.0,-0.0259
Beras Kualitas Super II,Bali,16550.0,17350.0,-0.0461
Beras Kualitas Super II,Sulawesi Tenggara,16550.0,17350.0,-0.0461
Beras Kualitas Super II,Jawa Tengah,16500.0,17350.0,-0.049
Beras Kualitas Super II,Kepulauan Riau,16500.0,17350.0,-0.049
Beras Kualitas Super II,Jawa Barat,16450.0,17350.0,-0.0519
Beras Kualitas Super II,Lampung,16400.0,17350.0,-0.0548
Beras Kualitas Super II,Jawa Timur,16050.0,17350.0,-0.0749
Beras Kualitas Super II,Nusa Tenggara Timur,16050.0,17350.0,-0.0749
Beras Kualitas Super II,Aceh,15950.0,17350.0,-0.0807
Beras Kualitas Super II,DI Yogyakarta,15750.0,17350.0,-0.0922
Beras Kualitas Super II,Sulawesi Barat,15600.0,17350.0,-0.1009
Beras Kualitas Super II,Sulawesi Selatan,15250.0,17350.0,-0.121
Beras Kualitas Super II,Nusa Tenggara Barat,14250.0,17350.0,-0.1787
Cabai Merah Besar,Maluku Utara,130000.0,67150.0,0.936
Cabai Merah Besar,Kalimantan Barat,103750.0,67150.0,0.545
Cabai Merah Besar,Papua Barat,100000.0,67150.0,0.4892
Cabai Merah Besar,Kalimantan Tengah,94400.0,67150.0,0.4058
Cabai Merah Besar,Riau,93000.0,67150.0,0.385
Cabai Merah Besar,Papua,90000.0,67150.0,0.3403
Cabai Merah Besar,Kalimantan Utara,83750.0,67150.0,0.2472
Cabai Merah Besar,Jambi,75900.0,67150.0,0.1303
Cabai Merah Besar,Sulawesi Tengah,71050.0,67150.0,0.0581
Cabai Merah Besar,Kalimantan Selatan,70850.0,67150.0,0.0551
Cabai Merah Besar,Bengkulu,68750.0,67150.0,0.0238
Cabai Merah Besar,Kalimantan Timur,67500.0,67150.0,0.0052
Cabai Merah Besar,Sumatera Selatan,64750.0,67150.0,-0.0357
Cabai Merah Besar,Lampung,63900.0,67150.0,-0.0484
Cabai Merah Besar,Sulawesi Tenggara,62500.0,67150.0,-0.0692
Cabai Merah Besar,DKI Jakarta,60400.0,67150.0,-0.1005
Cabai Merah Besar,Sulawesi Barat,59100.0,67150.0,-0.1199
Cabai Merah Besar,Jawa Barat,55500.0,67150.0,-0.1735
Cabai Merah Besar,Banten,52850.0,67150.0,-0.213
Cabai Merah Besar,Sulawesi Selatan,50400.0,67150.0,-0.2494
Cabai Merah Besar,DI Yogyakarta,49250.0,67150.0,-0.2666
Cabai Merah Besar,Nusa Tenggara Timur,48350.0,67150.0,-0.28
Cabai Merah Besar,Jawa Tengah,47150.0,67150.0,-0.2978
Cabai Merah Besar,Aceh,42000.0,67150.0,-0.3745
Cabai Merah Besar,Jawa Timur,37550.0,67150.0,-0.4408
Cabai Merah Besar,Bali,37550.0,67150.0,-0.4408
Cabai Merah Besar,Nusa Tenggara Barat,32450.0,67150.0,-0.5168
Cabai Merah Keriting,Papua Barat,117500.0,80250.0,0.4642
Cabai Merah Keriting,Papua,117150.0,80250.0,0.4598
Cabai Merah Keriting,Maluku,115000.0,80250.0,0.433
Cabai Merah Keriting,Kalimantan Barat,115000.0,80250.0,0.433
Cabai Merah Keriting,Sulawesi Utara,108150.0,80250.0,0.3477
Cabai Merah Keriting,Riau,104000.0,80250.0,0.296
Cabai Merah Keriting,Maluku Utara,100000.0,80250.0,0.2461
Cabai Merah Keriting,Gorontalo,99400.0,80250.0,0.2386
Cabai Merah Keriting,Kepulauan Riau,90800.0,80250.0,0.1315
Cabai Merah Keriting,Sumatera Barat,89500.0,80250.0,0.1153
Cabai Merah Keriting,Kalimantan Tengah,88750.0,80250.0,0.1059
Cabai Merah Keriting,Kalimantan Utara,87500.0,80250.0,0.0903
Cabai Merah Keriting,Kalimantan Selatan,87500.0,80250.0,0.0903
Cabai Merah Keriting,Aceh,83250.0,80250.0,0.0374
Cabai Merah Keriting,Sumatera Utara,81750.0,80250.0,0.0187
Cabai Merah Keriting,Kalimantan Timur,80000.0,80250.0,-0.0031
Cabai Merah Keriting,Sulawesi Tengah,80000.0,80250.0,-0.0031
Cabai Merah Keriting,Bengkulu,76250.0,80250.0,-0.0498
Cabai Merah Keriting,Sulawesi Tenggara,74400.0,80250.0,-0.0729
Cabai Merah Keriting,Jambi,73750.0,80250.0,-0.081
Cabai Merah Keriting,Jawa Barat,72650.0,80250.0,-0.0947
Cabai Merah Keriting,Kepulauan Bangka Belitung,72250.0,80250.0,-0.0997
Cabai Merah Keriting,Sumatera Selatan,72250.0,80250.0,-0.0997
Cabai Merah Keriting,DKI Jakarta,68300.0,80250.0,-0.1489
Cabai Merah Keriting,Lampung,67400.0,80250.0,-0.1601
Cabai Merah Keriting,Banten,64750.0,80250.0,-0.1931
Cabai Merah Keriting,Sulawesi Barat,64100.0,80250.0,-0.2012
Cabai Merah Keriting,DI Yogyakarta,61750.0,80250.0,-0.2305
Cabai Merah Keriting,Sulawesi Selatan,59500.0,80250.0,-0.2586
Cabai Merah Keriting,Jawa Tengah,58800.0,80250.0,-0.2673
Cabai Merah Keriting,Jawa Timur,50300.0,80250.0,-0.3732
Cabai Merah Keriting,Bali,49650.0,80250.0,-0.3813
Cabai Merah Keriting,Nusa Tenggara Barat,48950.0,80250.0,-0.39
Cabai Merah Keriting,Nusa Tenggara Timur,48350.0,80250.0,-0.3975
Cabai Rawit Hijau,Maluku Utara,157500.0,73000.0,1.1575
Cabai Rawit Hijau,Sulawesi Tengah,133750.0,73000.0,0.8322
Cabai Rawit Hijau,Sulawesi Utara,127500.0,73000.0,0.7466
Cabai Rawit Hijau,Kalimantan Barat,115650.0,73000.0,0.5842
Cabai Rawit Hijau,Sulawesi Tenggara,106250.0,73000.0,0.4555
Cabai Rawit Hijau,Kalimantan Utara,99600.0,73000.0,0.3644
Cabai Rawit Hijau,Sulawesi Barat,90000.0,73000.0,0.2329
Cabai Rawit Hijau,Kalimantan Timur,85000.0,73000.0,0.1644
Cabai Rawit Hijau,Maluku,85000.0,73000.0,0.1644
Cabai Rawit Hijau,Papua,78650.0,73000.0,0.0774
Cabai Rawit Hijau,Riau,74750.0,73000.0,0.024
Cabai Rawit Hijau,Aceh,72750.0,73000.0,-0.0034
Cabai Rawit Hijau,Kalimantan Tengah,71900.0,73000.0,-0.0151
Cabai Rawit Hijau,Sumatera Selatan,70650.0,73000.0,-0.0322
Cabai Rawit Hijau,Sumatera Barat,70150.0,73000.0,-0.039
Cabai Rawit Hijau,Sumatera Utara,70150.0,73000.0,-0.039
Cabai Rawit Hijau,Kepulauan Riau,68250.0,73000.0,-0.0651
Cabai Rawit Hijau,Bengkulu,65000.0,73000.0,-0.1096
Cabai Rawit Hijau,Kepulauan Bangka Belitung,62500.0,73000.0,-0.1438
Cabai Rawit Hijau,Jambi,57750.0,73000.0,-0.2089
Cabai Rawit Hijau,DKI Jakarta,56950.0,73000.0,-0.2199
Cabai Rawit Hijau,Lampung,56150.0,73000.0,-0.2308
Cabai Rawit Hijau,Kalimantan Selatan,51650.0,73000.0,-0.2925
Cabai Rawit Hijau,Jawa Barat,51350.0,73000.0,-0.2966
Cabai Rawit Hijau,Banten,51350.0,73000.0,-0.2966
Cabai Rawit Hijau,DI Yogyakarta,48500.0,73000.0,-0.3356
Cabai Rawit Hijau,Bali,47200.0,73000.0,-0.3534
Cabai Rawit Hijau,Sulawesi Selatan,46850.0,73000.0,-0.3582
Cabai Rawit Hijau,Jawa Tengah,46600.0,73000.0,-0.3616
Cabai Rawit Hijau,Nusa Tenggara Timur,42500.0,73000.0,-0.4178
Cabai Rawit Hijau,Nusa Tenggara Barat,38350.0,73000.0,-0.4747
Cabai Rawit Hijau,Jawa Timur,36000.0,73000.0,-0.5068
Cabai Rawit Merah,Maluku Utara,155000.0,101550.0,0.5263
Cabai Rawit Merah,Maluku,151250.0,101550.0,0.4894
Cabai Rawit Merah,Gorontalo,143750.0,101550.0,0.4156
Cabai Rawit Merah,Kalimantan Utara,142500.0,101550.0,0.4032
Cabai Rawit Merah,Papua Barat,142500.0,101550.0,0.4032
Cabai Rawit Merah,Sulawesi Utara,140000.0,101550.0,0.3786
Cabai Rawit Merah,Kalimantan Barat,136100.0,101550.0,0.3402
Cabai Rawit Merah,Papua,129550.0,101550.0,0.2757
Cabai Rawit Merah,Sulawesi Tengah,126900.0,101550.0,0.2496
Cabai Rawit Merah,Kalimantan Tengah,122500.0,101550.0,0.2063
Cabai Rawit Merah,Sulawesi Tenggara,116250.0,101550.0,0.1448
Cabai Rawit Merah,Kalimantan Selatan,103350.0,101550.0,0.0177
Cabai Rawit Merah,Kepulauan Bangka Belitung,100000.0,101550.0,-0.0153
Cabai Rawit Merah,Sulawesi Barat,96650.0,101550.0,-0.0483
Cabai Rawit Merah,Sulawesi Selatan,95000.0,101550.0,-0.0645
Cabai Rawit Merah,DKI Jakarta,91900.0,101550.0,-0.095
Cabai Rawit Merah,Kalimantan Timur,90400.0,101550.0,-0.1098
Cabai Rawit Merah,Riau,89800.0,101550.0,-0.1157
Cabai Rawit Merah,Kepulauan Riau,89150.0,101550.0,-0.1221
Cabai Rawit Merah,Jambi,87150.0,101550.0,-0.1418
Cabai Rawit Merah,Jawa Barat,86550.0,101550.0,-0.1477
Cabai Rawit Merah,Banten,83850.0,101550.0,-0.1743
Cabai Rawit Merah,Sumatera Selatan,83400.0,101550.0,-0.1787
Cabai Rawit Merah,Bengkulu,82500.0,101550.0,-0.1876
Cabai Rawit Merah,DI Yogyakarta,77500.0,101550.0,-0.2368
Cabai Rawit Merah,Jawa Tengah,75750.0,101550.0,-0.2541
Cabai Rawit Merah,Lampung,73400.0,101550.0,-0.2772
Cabai Rawit Merah,Nusa Tenggara Timur,72850.0,101550.0,-0.2826
Cabai Rawit Merah,Bali,69800.0,101550.0,-0.3127
Cabai Rawit Merah,Jawa Timur,68900.0,101550.0,-0.3215
Cabai Rawit Merah,Sumatera Utara,64900.0,101550.0,-0.3609
Cabai Rawit Merah,Nusa Tenggara Barat,60000.0,101550.0,-0.4092
Daging Ayam Ras Segar,Sumatera Barat,53400.0,41700.0,0.2806
Daging Ayam Ras Segar,Papua,51350.0,41700.0,0.2314
Daging Ayam Ras Segar,Nusa Tenggara Timur,49400.0,41700.0,0.1847
Daging Ayam Ras Segar,Papua Barat,49150.0,41700.0,0.1787
Daging Ayam Ras Segar,Sumatera Utara,48250.0,41700.0,0.1571
Daging Ayam Ras Segar,Maluku,48150.0,41700.0,0.1547
Daging Ayam Ras Segar,Kalimantan Utara,46900.0,41700.0,0.1247
Daging Ayam Ras Segar,Bali,44650.0,41700.0,0.0707
Daging Ayam Ras Segar,Nusa Tenggara Barat,44000.0,41700.0,0.0552
Daging Ayam Ras Segar,Kepulauan Bangka Belitung,43900.0,41700.0,0.0528
Daging Ayam Ras Segar,Kalimantan Selatan,43850.0,41700.0,0.0516
Daging Ayam Ras Segar,Maluku Utara,43750.0,41700.0,0.0492
Daging Ayam Ras Segar,Sulawesi Utara,42600.0,41700.0,0.0216
Daging Ayam Ras Segar,Banten,41900.0,41700.0,0.0048
Daging Ayam Ras Segar,DKI Jakarta,41200.0,41700.0,-0.012
Daging Ayam Ras Segar,Jambi,40650.0,41700.0,-0.0252
Daging Ayam Ras Segar,Bengkulu,40500.0,41700.0,-0.0288
Daging Ayam Ras Segar,Aceh,40400.0,41700.0,-0.0312
Daging Ayam Ras Segar,Kalimantan Tengah,39750.0,41700.0,-0.0468
Daging Ayam Ras Segar,Sumatera Selatan,39750.0,41700.0,-0.0468
Daging Ayam Ras Segar,DI Yogyakarta,39750.0,41700.0,-0.0468
Daging Ayam Ras Segar,Jawa Barat,39600.0,41700.0,-0.0504
Daging Ayam Ras Segar,Gorontalo,39400.0,41700.0,-0.0552
Daging Ayam Ras Segar,Kepulauan Riau,39400.0,41700.0,-0.0552
Daging Ayam Ras Segar,Jawa Tengah,39300.0,41700.0,-0.0576
Daging Ayam Ras Segar,Jawa Timur,39050.0,41700.0,-0.0635
Daging Ayam Ras Segar,Sulawesi Tenggara,38300.0,41700.0,-0.0815
Daging Ayam Ras Segar,Kalimantan Barat,38300.0,41700.0,-0.0815
Daging Ayam Ras Segar,Lampung,38000.0,41700.0,-0.0887
Daging Ayam Ras Segar,Sulawesi Tengah,36300.0,41700.0,-0.1295
Daging Ayam Ras Segar,Kalimantan Timur,36000.0,41700.0,-0.1367
Daging Ayam Ras Segar,Riau,34800.0,41700.0,-0.1655
Daging Ayam Ras Segar,Sulawesi Barat,33100.0,41700.0,-0.2062
Daging Ayam Ras Segar,Sulawesi Selatan,32850.0,41700.0,-0.2122
Daging Sapi Kualitas 1,Kalimantan Selatan,172900.0,152550.0,0.1334
Daging Sapi Kualitas 1,Papua Barat,170000.0,152550.0,0.1144
Daging Sapi Kualitas 1,Aceh,170000.0,152550.0,0.1144
Daging Sapi Kualitas 1,Kalimantan Timur,167900.0,152550.0,0.1006
Daging Sapi Kualitas 1,Papua,163000.0,152550.0,0.0685
Daging Sapi Kualitas 1,DI Yogyakarta,162500.0,152550.0,0.0652
Daging Sapi Kualitas 1,Kalimantan Barat,161250.0,152550.0,0.057
Daging Sapi Kualitas 1,Bengkulu,160000.0,152550.0,0.0488
Daging Sapi Kualitas 1,Sumatera Barat,160000.0,152550.0,0.0488
Daging Sapi Kualitas 1,Kalimantan Tengah,160000.0,152550.0,0.0488
Daging Sapi Kualitas 1,Kepulauan Bangka Belitung,160000.0,152550.0,0.0488
Daging Sapi Kualitas 1,Kalimantan Utara,158750.0,152550.0,0.0406
Daging Sapi Kualitas 1,Jawa Barat,157650.0,152550.0,0.0334
Daging Sapi Kualitas 1,Gorontalo,155000.0,152550.0,0.0161
Daging Sapi Kualitas 1,Sulawesi Utara,155000.0,152550.0,0.0161
Daging Sapi Kualitas 1,Jambi,155000.0,152550.0,0.0161
Daging Sapi Kualitas 1,DKI Jakarta,154300.0,152550.0,0.0115
Daging Sapi Kualitas 1,Jawa Tengah,151900.0,152550.0,-0.0043
Daging Sapi Kualitas 1,Banten,151650.0,152550.0,-0.0059
Daging Sapi Kualitas 1,Sumatera Selatan,151250.0,152550.0,-0.0085
Daging Sapi Kualitas 1,Sumatera Utara,151250.0,152550.0,-0.0085
Daging Sapi Kualitas 1,Maluku Utara,150000.0,152550.0,-0.0167
Daging Sapi Kualitas 1,Riau,150000.0,152550.0,-0.0167
Daging Sapi Kualitas 1,Sulawesi Tengah,149400.0,152550.0,-0.0206
Daging Sapi Kualitas 1,Bali,145450.0,152550.0,-0.0465
Daging Sapi Kualitas 1,Jawa Timur,145450.0,152550.0,-0.0465
Daging Sapi Kualitas 1,Lampung,144400.0,152550.0,-0.0534
Daging Sapi Kualitas 1,Maluku,142500.0,152550.0,-0.0659
Daging Sapi Kualitas 1,Sulawesi Barat,141650.0,152550.0,-0.0715
Daging Sapi Kualitas 1,Sulawesi Tenggara,141250.0,152550.0,-0.0741
Daging Sapi Kualitas 1,Sulawesi Selatan,137250.0,152550.0,-0.1003
Daging Sapi Kualitas 1,Nusa Tenggara Barat,136900.0,152550.0,-0.1026
Daging Sapi Kualitas 1,Kepulauan Riau,131900.0,152550.0,-0.1354
Daging Sapi Kualitas 1,Nusa Tenggara Timur,121650.0,152550.0,-0.2026
Daging Sapi Kualitas 2,Kalimantan Selatan,166250.0,143450.0,0.1589
Daging Sapi Kualitas 2,Papua Barat,165000.0,143450.0,0.1502
Daging Sapi Kualitas 2,Kalimantan Timur,165000.0,143450.0,0.1502
Daging Sapi Kualitas 2,Papua,156400.0,143450.0,0.0903
Daging Sapi Kualitas 2,Sumatera Barat,156250.0,143450.0,0.0892
Daging Sapi Kualitas 2,DI Yogyakarta,156250.0,143450.0,0.0892
Daging Sapi Kualitas 2,Kalimantan Tengah,155650.0,143450.0,0.085
Daging Sapi Kualitas 2,Sulawesi Utara,155000.0,143450.0,0.0805
Daging Sapi Kualitas 2,Bengkulu,150000.0,143450.0,0.0457
Daging Sapi Kualitas 2,Gorontalo,150000.0,143450.0,0.0457
Daging Sapi Kualitas 2,Sulawesi Tengah,149400.0,143450.0,0.0415
Daging Sapi Kualitas 2,Jawa Barat,148450.0,143450.0,0.0349
Daging Sapi Kualitas 2,Kalimantan Barat,147900.0,143450.0,0.031
Daging Sapi Kualitas 2,DKI Jakarta,145950.0,143450.0,0.0174
Daging Sapi Kualitas 2,Jawa Tengah,144050.0,143450.0,0.0042
Daging Sapi Kualitas 2,Sumatera Selatan,143750.0,143450.0,0.0021
Daging Sapi Kualitas 2,Banten,143350.0,143450.0,-0.0007
Daging Sapi Kualitas 2,Maluku,142500.0,143450.0,-0.0066
Daging Sapi Kualitas 2,Sulawesi Barat,140000.0,143450.0,-0.0241
Daging Sapi Kualitas 2,Kepulauan Bangka Belitung,139400.0,143450.0,-0.0282
Daging Sapi Kualitas 2,Sulawesi Tenggara,137500.0,143450.0,-0.0415
Daging Sapi Kualitas 2,Lampung,137500.0,143450.0,-0.0415
Daging Sapi Kualitas 2,Sulawesi Selatan,137250.0,143450.0,-0.0432
Daging Sapi Kualitas 2,Aceh,135000.0,143450.0,-0.0589
Daging Sapi Kualitas 2,Sumatera Utara,133750.0,143450.0,-0.0676
Daging Sapi Kualitas 2,Kalimantan Utara,133500.0,143450.0,-0.0694
Daging Sapi Kualitas 2,Bali,133250.0,143450.0,-0.0711
Daging Sapi Kualitas 2,Jawa Timur,132800.0,143450.0,-0.0742
Daging Sapi Kualitas 2,Nusa Tenggara Barat,126900.0,143450.0,-0.1154
Daging Sapi Kualitas 2,Kepulauan Riau,125000.0,143450.0,-0.1286
Daging Sapi Kualitas 2,Riau,119150.0,143450.0,-0.1694
Daging Sapi Kualitas 2,Nusa Tenggara Timur,118350.0,143450.0,-0.175
Gula Pasir Kualitas Premium,Papua,26800.0,20400.0,0.3137
Gula Pasir Kualitas Premium,Papua Barat,23750.0,20400.0,0.1642
Gula Pasir Kualitas Premium,Maluku,23500.0,20400.0,0.152
Gula Pasir Kualitas Premium,Sulawesi Tenggara,23000.0,20400.0,0.1275
Gula Pasir Kualitas Premium,Sulawesi Barat,23000.0,20400.0,0.1275
Gula Pasir Kualitas Premium,Kalimantan Tengah,22900.0,20400.0,0.1225
Gula Pasir Kualitas Premium,Sulawesi Tengah,21650.0,20400.0,0.0613
Gula Pasir Kualitas Premium,Kalimantan Barat,21100.0,20400.0,0.0343
Gula Pasir Kualitas Premium,Aceh,20500.0,20400.0,0.0049
Gula Pasir Kualitas Premium,Gorontalo,20500.0,20400.0,0.0049
Gula Pasir Kualitas Premium,Kalimantan Timur,20500.0,20400.0,0.0049
Gula Pasir Kualitas Premium,DKI Jakarta,20400.0,20400.0,0.0
Gula Pasir Kualitas Premium,Banten,20300.0,20400.0,-0.0049
Gula Pasir Kualitas Premium,Nusa Tenggara Timur,20250.0,20400.0,-0.0074
Gula Pasir Kualitas Premium,Sumatera Utara,20250.0,20400.0,-0.0074
Gula Pasir Kualitas Premium,Kalimantan Selatan,20150.0,20400.0,-0.0123
Gula Pasir Kualitas Premium,Bali,19900.0,20400.0,-0.0245
Gula Pasir Kualitas Premium,Bengkulu,19750.0,20400.0,-0.0319
Gula Pasir Kualitas Premium,Sumatera Barat,19650.0,20400.0,-0.0368
Gula Pasir Kualitas Premium,Kalimantan Utara,19600.0,20400.0,-0.0392
Gula Pasir Kualitas Premium,Jambi,19450.0,20400.0,-0.0466
Gula Pasir Kualitas Premium,Jawa Barat,19350.0,20400.0,-0.0515
Gula Pasir Kualitas Premium,Sumatera Selatan,19250.0,20400.0,-0.0564
Gula Pasir Kualitas Premium,Kepulauan Bangka Belitung,19250.0,20400.0,-0.0564
Gula Pasir Kualitas Premium,Jawa Tengah,19250.0,20400.0,-0.0564
Gula Pasir Kualitas Premium,Lampung,19150.0,20400.0,-0.0613
Gula Pasir Kualitas Premium,Kepulauan Riau,19150.0,20400.0,-0.0613
Gula Pasir Kualitas Premium,Nusa Tenggara Barat,19000.0,20400.0,-0.0686
Gula Pasir Kualitas Premium,DI Yogyakarta,18750.0,20400.0,-0.0809
Gula Pasir Kualitas Premium,Jawa Timur,18600.0,20400.0,-0.0882
Gula Pasir Kualitas Premium,Sulawesi Selatan,18550.0,20400.0,-0.0907
Gula Pasir Kualitas Premium,Riau,18200.0,20400.0,-0.1078
Gula Pasir Kualitas Premium,Sulawesi Utara,17500.0,20400.0,-0.1422
Gula Pasir Lokal,Papua,22100.0,19200.0,0.151
Gula Pasir Lokal,Maluku Utara,21000.0,19200.0,0.0938
Gula Pasir Lokal,Gorontalo,20650.0,19200.0,0.0755
Gula Pasir Lokal,Kalimantan Utara,20000.0,19200.0,0.0417
Gula Pasir Lokal,Papua Barat,20000.0,19200.0,0.0417
Gula Pasir Lokal,Sulawesi Utara,20000.0,19200.0,0.0417
Gula Pasir Lokal,Sulawesi Tengah,20000.0,19200.0,0.0417
Gula Pasir Lokal,Maluku,19900.0,19200.0,0.0365
Gula Pasir Lokal,Kalimantan Timur,19700.0,19200.0,0.026
Gula Pasir Lokal,Kalimantan Tengah,19650.0,19200.0,0.0234
Gula Pasir Lokal,Nusa Tenggara Timur,19600.0,19200.0,0.0208
Gula Pasir Lokal,DKI Jakarta,19550.0,19200.0,0.0182
Gula Pasir Lokal,Aceh,19500.0,19200.0,0.0156
Gula Pasir Lokal,Kalimantan Barat,19400.0,19200.0,0.0104
Gula Pasir Lokal,Banten,19400.0,19200.0,0.0104
Gula Pasir Lokal,Sulawesi Tenggara,19400.0,19200.0,0.0104
Gula Pasir Lokal,Sumatera Utara,19250.0,19200.0,0.0026
Gula Pasir Lokal,Riau,19100.0,19200.0,-0.0052
Gula Pasir Lokal,Bengkulu,19000.0,19200.0,-0.0104
Gula Pasir Lokal,Nusa Tenggara Barat,18900.0,19200.0,-0.0156
Gula Pasir Lokal,Sumatera Barat,18900.0,19200.0,-0.0156
Gula Pasir Lokal,Jambi,18900.0,19200.0,-0.0156
Gula Pasir Lokal,Kalimantan Selatan,18850.0,19200.0,-0.0182
Gula Pasir Lokal,Jawa Barat,18700.0,19200.0,-0.026
Gula Pasir Lokal,Sumatera Selatan,18650.0,19200.0,-0.0286
Gula Pasir Lokal,Sulawesi Selatan,18650.0,19200.0,-0.0286
Gula Pasir Lokal,Lampung,18600.0,19200.0,-0.0313
Gula Pasir Lokal,Sulawesi Barat,18600.0,19200.0,-0.0313
Gula Pasir Lokal,DI Yogyakarta,18400.0,19200.0,-0.0417
Gula Pasir Lokal,Kepulauan Bangka Belitung,18200.0,19200.0,-0.0521
Gula Pasir Lokal,Jawa Tengah,18050.0,19200.0,-0.0599
Gula Pasir Lokal,Bali,17950.0,19200.0,-0.0651
Gula Pasir Lokal,Jawa Timur,17500.0,19200.0,-0.0885
Gula Pasir Lokal,Kepulauan Riau,16000.0,19200.0,-0.1667
Minyak Goreng Curah,Maluku Utara,24000.0,20400.0,0.1765
Minyak Goreng Curah,Nusa Tenggara Barat,22900.0,20400.0,0.1225
Minyak Goreng Curah,Papua,22700.0,20400.0,0.1127
Minyak Goreng Curah,DKI Jakarta,22450.0,20400.0,0.1005
Minyak Goreng Curah,Bali,22050.0,20400.0,0.0809
Minyak Goreng Curah,Gorontalo,22000.0,20400.0,0.0784
Minyak Goreng Curah,Lampung,21950.0,20400.0,0.076
Minyak Goreng Curah,Kalimantan Timur,21850.0,20400.0,0.0711
Minyak Goreng Curah,Jawa Barat,21750.0,20400.0,0.0662
Minyak Goreng Curah,Jawa Timur,21550.0,20400.0,0.0564
Minyak Goreng Curah,Riau,20950.0,20400.0,0.027
Minyak Goreng Curah,Sumatera Utara,20850.0,20400.0,0.0221
Minyak Goreng Curah,Sumatera Selatan,20750.0,20400.0,0.0172
Minyak Goreng Curah,DI Yogyakarta,20750.0,20400.0,0.0172
Minyak Goreng Curah,Jambi,20500.0,20400.0,0.0049
Minyak Goreng Curah,Jawa Tengah,20500.0,20400.0,0.0049
Minyak Goreng Curah,Sumatera Barat,20400.0,20400.0,0.0
Minyak Goreng Curah,Kalimantan Utara,20000.0,20400.0,-0.0196
Minyak Goreng Curah,Bengkulu,20000.0,20400.0,-0.0196
Minyak Goreng Curah,Aceh,19900.0,20400.0,-0.0245
Minyak Goreng Curah,Sulawesi Selatan,19900.0,20400.0,-0.0245
Minyak Goreng Curah,Sulawesi Barat,19850.0,20400.0,-0.027
Minyak Goreng Curah,Kepulauan Riau,19500.0,20400.0,-0.0441
Minyak Goreng Curah,Kalimantan Barat,19150.0,20400.0,-0.0613
Minyak Goreng Curah,Sulawesi Tenggara,19000.0,20400.0,-0.0686
Minyak Goreng Curah,Kalimantan Selatan,18900.0,20400.0,-0.0735
Minyak Goreng Curah,Kalimantan Tengah,18550.0,20400.0,-0.0907
Minyak Goreng Curah,Sulawesi Tengah,18250.0,20400.0,-0.1054
Minyak Goreng Curah,Banten,18100.0,20400.0,-0.1127
Minyak Goreng Curah,Sulawesi Utara,17100.0,20400.0,-0.1618
Minyak Goreng Curah,Nusa Tenggara Timur,16350.0,20400.0,-0.1985
Minyak Goreng Kemasan Bermerk 1,Gorontalo,31450.0,24350.0,0.2916
Minyak Goreng Kemasan Bermerk 1,Papua,29900.0,24350.0,0.2279
Minyak Goreng Kemasan Bermerk 1,Papua Barat,27650.0,24350.0,0.1355
Minyak Goreng Kemasan Bermerk 1,Maluku Utara,27500.0,24350.0,0.1294
Minyak Goreng Kemasan Bermerk 1,Maluku,27000.0,24350.0,0.1088
Minyak Goreng Kemasan Bermerk 1,Sulawesi Tenggara,26400.0,24350.0,0.0842
Minyak Goreng Kemasan Bermerk 1,Kalimantan Tengah,26400.0,24350.0,0.0842
Minyak Goreng Kemasan Bermerk 1,Nusa Tenggara Barat,25250.0,24350.0,0.037
Minyak Goreng Kemasan Bermerk 1,Sumatera Barat,25050.0,24350.0,0.0287
Minyak Goreng Kemasan Bermerk 1,Kalimantan Timur,24750.0,24350.0,0.0164
Minyak Goreng Kemasan Bermerk 1,Kalimantan Selatan,24500.0,24350.0,0.0062
Minyak Goreng Kemasan Bermerk 1,Sulawesi Barat,24500.0,24350.0,0.0062
Minyak Goreng Kemasan Bermerk 1,Jambi,24400.0,24350.0,0.0021
Minyak Goreng Kemasan Bermerk 1,Nusa Tenggara Timur,24400.0,24350.0,0.0021
Minyak Goreng Kemasan Bermerk 1,Kalimantan Utara,24350.0,24350.0,0.0
Minyak Goreng Kemasan Bermerk 1,Aceh,24150.0,24350.0,-0.0082
Minyak Goreng Kemasan Bermerk 1,DI Yogyakarta,24000.0,24350.0,-0.0144
Minyak Goreng Kemasan Bermerk 1,Kalimantan Barat,24000.0,24350.0,-0.0144
Minyak Goreng Kemasan Bermerk 1,Bengkulu,24000.0,24350.0,-0.0144
Minyak Goreng Kemasan Bermerk 1,Sulawesi Tengah,23750.0,24350.0,-0.0246
Minyak Goreng Kemasan Bermerk 1,Sulawesi Utara,23750.0,24350.0,-0.0246
Minyak Goreng Kemasan Bermerk 1,Sulawesi Selatan,23400.0,24350.0,-0.039
Minyak Goreng Kemasan Bermerk 1,Jawa Barat,23350.0,24350.0,-0.0411
Minyak Goreng Kemasan Bermerk 1,Riau,23100.0,24350.0,-0.0513
Minyak Goreng Kemasan Bermerk 1,Bali,23100.0,24350.0,-0.0513
Minyak Goreng Kemasan Bermerk 1,DKI Jakarta,22950.0,24350.0,-0.0575
Minyak Goreng Kemasan Bermerk 1,Sumatera Utara,22900.0,24350.0,-0.0595
Minyak Goreng Kemasan Bermerk 1,Lampung,22850.0,24350.0,-0.0616
Minyak Goreng Kemasan Bermerk 1,Jawa Timur,22850.0,24350.0,-0.0616
Minyak Goreng Kemasan Bermerk 1,Jawa Tengah,22750.0,24350.0,-0.0657
Minyak Goreng Kemasan Bermerk 1,Kepulauan Bangka Belitung,21900.0,24350.0,-0.1006
Minyak Goreng Kemasan Bermerk 1,Sumatera Selatan,21400.0,24350.0,-0.1211
Minyak Goreng Kemasan Bermerk 1,Kepulauan Riau,21100.0,24350.0,-0.1335
Minyak Goreng Kemasan Bermerk 1,Banten,19650.0,24350.0,-0.193
Minyak Goreng Kemasan Bermerk 2,Gorontalo,31100.0,23550.0,0.3206
Minyak Goreng Kemasan Bermerk 2,Maluku,26750.0,23550.0,0.1359
Minyak Goreng Kemasan Bermerk 2,Papua,26700.0,23550.0,0.1338
Minyak Goreng Kemasan Bermerk 2,Sulawesi Barat,25350.0,23550.0,0.0764
Minyak Goreng Kemasan Bermerk 2,Sulawesi Tenggara,25150.0,23550.0,0.0679
Minyak Goreng Kemasan Bermerk 2,Sulawesi Tengah,24650.0,23550.0,0.0467
Minyak Goreng Kemasan Bermerk 2,Aceh,24400.0,23550.0,0.0361
Minyak Goreng Kemasan Bermerk 2,Kalimantan Tengah,24400.0,23550.0,0.0361
Minyak Goreng Kemasan Bermerk 2,Kalimantan Selatan,24350.0,23550.0,0.034
Minyak Goreng Kemasan Bermerk 2,Bali,24350.0,23550.0,0.034
Minyak Goreng Kemasan Bermerk 2,Kalimantan Timur,24300.0,23550.0,0.0318
Minyak Goreng Kemasan Bermerk 2,DI Yogyakarta,23750.0,23550.0,0.0085
Minyak Goreng Kemasan Bermerk 2,Banten,23650.0,23550.0,0.0042
Minyak Goreng Kemasan Bermerk 2,Papua Barat,23400.0,23550.0,-0.0064
Minyak Goreng Kemasan Bermerk 2,Kalimantan Utara,23300.0,23550.0,-0.0106
Minyak Goreng Kemasan Bermerk 2,Sumatera Utara,23250.0,23550.0,-0.0127
Minyak Goreng Kemasan Bermerk 2,Kalimantan Barat,23250.0,23550.0,-0.0127
Minyak Goreng Kemasan Bermerk 2,Nusa Tenggara Barat,23250.0,23550.0,-0.0127
Minyak Goreng Kemasan Bermerk 2,Sumatera Barat,23250.0,23550.0,-0.0127
Minyak Goreng Kemasan Bermerk 2,Bengkulu,23250.0,23550.0,-0.0127
Minyak Goreng Kemasan Bermerk 2,Nusa Tenggara Timur,23200.0,23550.0,-0.0149
Minyak Goreng Kemasan Bermerk 2,DKI Jakarta,23200.0,23550.0,-0.0149
Minyak Goreng Kemasan Bermerk 2,Sulawesi Utara,23000.0,23550.0,-0.0234
Minyak Goreng Kemasan Bermerk 2,Jambi,23000.0,23550.0,-0.0234
Minyak Goreng Kemasan Bermerk 2,Jawa Barat,22600.0,23550.0,-0.0403
Minyak Goreng Kemasan Bermerk 2,Maluku Utara,22500.0,23550.0,-0.0446
Minyak Goreng Kemasan Bermerk 2,Sulawesi Selatan,22500.0,23550.0,-0.0446
Minyak Goreng Kemasan Bermerk 2,Jawa Timur,22250.0,23550.0,-0.0552
Minyak Goreng Kemasan Bermerk 2,Jawa Tengah,22200.0,23550.0,-0.0573
Minyak Goreng Kemasan Bermerk 2,Riau,22050.0,23550.0,-0.0637
Minyak Goreng Kemasan Bermerk 2,Sumatera Selatan,21500.0,23550.0,-0.087
Minyak Goreng Kemasan Bermerk 2,Lampung,21100.0,23550.0,-0.104
Minyak Goreng Kemasan Bermerk 2,Kepulauan Riau,20200.0,23550.0,-0.1423
Minyak Goreng Kemasan Bermerk 2,Kepulauan Bangka Belitung,19400.0,23550.0,-0.1762
Telur Ayam Ras Segar,Maluku Utara,41250.0,29800.0,0.3842
Telur Ayam Ras Segar,Papua,37900.0,29800.0,0.2718
Telur Ayam Ras Segar,Maluku,35200.0,29800.0,0.1812
Telur Ayam Ras Segar,Papua Barat,34650.0,29800.0,0.1628
Telur Ayam Ras Segar,Gorontalo,33800.0,29800.0,0.1342
Telur Ayam Ras Segar,Kepulauan Bangka Belitung,33300.0,29800.0,0.1174
Telur Ayam Ras Segar,Kalimantan Tengah,32400.0,29800.0,0.0872
Telur Ayam Ras Segar,Nusa Tenggara Timur,31400.0,29800.0,0.0537
Telur Ayam Ras Segar,Sumatera Utara,30750.0,29800.0,0.0319
Telur Ayam Ras Segar,Sulawesi Tengah,30550.0,29800.0,0.0252
Telur Ayam Ras Segar,Kalimantan Barat,30450.0,29800.0,0.0218
Telur Ayam Ras Segar,Sulawesi Utara,30200.0,29800.0,0.0134
Telur Ayam Ras Segar,Kalimantan Utara,30100.0,29800.0,0.0101
Telur Ayam Ras Segar,Kalimantan Timur,29950.0,29800.0,0.005
Telur Ayam Ras Segar,Riau,29850.0,29800.0,0.0017
Telur Ayam Ras Segar,Kepulauan Riau,29700.0,29800.0,-0.0034
Telur Ayam Ras Segar,Sulawesi Tenggara,29650.0,29800.0,-0.005
Telur Ayam Ras Segar,Kalimantan Selatan,29600.0,29800.0,-0.0067
Telur Ayam Ras Segar,Aceh,29400.0,29800.0,-0.0134
Telur Ayam Ras Segar,Sulawesi Barat,29150.0,29800.0,-0.0218
Telur Ayam Ras Segar,Bali,29150.0,29800.0,-0.0218
Telur Ayam Ras Segar,Bengkulu,29000.0,29800.0,-0.0268
Telur Ayam Ras Segar,Sumatera Barat,28800.0,29800.0,-0.0336
Telur Ayam Ras Segar,Nusa Tenggara Barat,28650.0,29800.0,-0.0386
Telur Ayam Ras Segar,Sumatera Selatan,28150.0,29800.0,-0.0554
Telur Ayam Ras Segar,Banten,26500.0,29800.0,-0.1107
Telur Ayam Ras Segar,Jambi,25900.0,29800.0,-0.1309
Telur Ayam Ras Segar,DI Yogyakarta,25900.0,29800.0,-0.1309
Telur Ayam Ras Segar,Jawa Barat,25900.0,29800.0,-0.1309
Telur Ayam Ras Segar,DKI Jakarta,25850.0,29800.0,-0.1326
Telur Ayam Ras Segar,Lampung,25800.0,29800.0,-0.1342
Telur Ayam Ras Segar,Sulawesi Selatan,25250.0,29800.0,-0.1527
Telur Ayam Ras Segar,Jawa Tengah,24800.0,29800.0,-0.1678
Telur Ayam Ras Segar,Jawa Timur,24600.0,29800.0,-0.1745
