commodity_group,commodity,month,avg_price
Bawang Merah,Bawang Merah Ukuran Sedang,2022-01,30729.0
Bawang Merah,Bawang Merah Ukuran Sedang,2022-02,34197.0
Bawang Merah,Bawang Merah Ukuran Sedang,2022-03,36650.0
Bawang Merah,Bawang Merah Ukuran Sedang,2022-04,35771.0
Bawang Merah,Bawang Merah Ukuran Sedang,2022-05,40816.0
Bawang Merah,Bawang Merah Ukuran Sedang,2022-06,51505.0
Bawang Merah,Bawang Merah Ukuran Sedang,2022-07,61952.0
Bawang Merah,Bawang Merah Ukuran Sedang,2022-08,43680.0
Bawang Merah,Bawang Merah Ukuran Sedang,2022-09,36102.0
Bawang Merah,Bawang Merah Ukuran Sedang,2022-10,35448.0
Bawang Merah,Bawang Merah Ukuran Sedang,2022-11,37102.0
Bawang Merah,Bawang Merah Ukuran Sedang,2022-12,38286.0
Bawang Merah,Bawang Merah Ukuran Sedang,2023-01,40511.0
Bawang Merah,Bawang Merah Ukuran Sedang,2023-02,41198.0
Bawang Merah,Bawang Merah Ukuran Sedang,2023-03,37930.0
Bawang Merah,Bawang Merah Ukuran Sedang,2023-04,37105.0
Bawang Merah,Bawang Merah Ukuran Sedang,2023-05,41811.0
Bawang Merah,Bawang Merah Ukuran Sedang,2023-06,40718.0
Bawang Merah,Bawang Merah Ukuran Sedang,2023-07,38593.0
Bawang Merah,Bawang Merah Ukuran Sedang,2023-08,32035.0
Bawang Merah,Bawang Merah Ukuran Sedang,2023-09,27750.0
Bawang Merah,Bawang Merah Ukuran Sedang,2023-10,26882.0
Bawang Merah,Bawang Merah Ukuran Sedang,2023-11,30570.0
Bawang Merah,Bawang Merah Ukuran Sedang,2023-12,35336.0
Bawang Merah,Bawang Merah Ukuran Sedang,2024-01,40815.0
Bawang Merah,Bawang Merah Ukuran Sedang,2024-02,37436.0
Bawang Merah,Bawang Merah Ukuran Sedang,2024-03,36800.0
Bawang Merah,Bawang Merah Ukuran Sedang,2024-04,48584.0
Bawang Merah,Bawang Merah Ukuran Sedang,2024-05,51280.0
Bawang Merah,Bawang Merah Ukuran Sedang,2024-06,45225.0
Bawang Merah,Bawang Merah Ukuran Sedang,2024-07,35774.0
Bawang Merah,Bawang Merah Ukuran Sedang,2024-08,29000.0
Bawang Merah,Bawang Merah Ukuran Sedang,2024-09,29519.0
Bawang Merah,Bawang Merah Ukuran Sedang,2024-10,31878.0
Bawang Merah,Bawang Merah Ukuran Sedang,2024-11,39945.0
Bawang Merah,Bawang Merah Ukuran Sedang,2024-12,43173.0
Bawang Merah,Bawang Merah Ukuran Sedang,2025-01,41487.0
Bawang Merah,Bawang Merah Ukuran Sedang,2025-02,37623.0
Bawang Merah,Bawang Merah Ukuran Sedang,2025-03,44810.0
Bawang Merah,Bawang Merah Ukuran Sedang,2025-04,47952.0
Bawang Merah,Bawang Merah Ukuran Sedang,2025-05,41923.0
Bawang Merah,Bawang Merah Ukuran Sedang,2025-06,45326.0
Bawang Merah,Bawang Merah Ukuran Sedang,2025-07,50146.0
Bawang Merah,Bawang Merah Ukuran Sedang,2025-08,55157.0
Bawang Merah,Bawang Merah Ukuran Sedang,2025-09,44443.0
Bawang Merah,Bawang Merah Ukuran Sedang,2025-10,41550.0
Bawang Merah,Bawang Merah Ukuran Sedang,2025-11,42333.0
Bawang Merah,Bawang Merah Ukuran Sedang,2025-12,51463.0
Bawang Merah,Bawang Merah Ukuran Sedang,2026-01,46452.0
Bawang Merah,Bawang Merah Ukuran Sedang,2026-02,44293.0
Bawang Merah,Bawang Merah Ukuran Sedang,2026-03,44584.0
Bawang Merah,Bawang Merah Ukuran Sedang,2026-04,46700.0
Bawang Merah,Bawang Merah Ukuran Sedang,2026-05,47883.0
Bawang Merah,Bawang Merah Ukuran Sedang,2026-06,53189.0
Bawang Merah,Bawang Merah Ukuran Sedang,2026-07,44000.0
Bawang Merah,Bawang Merah Ukuran Sedang,2026-08,39198.0
Bawang Merah,Bawang Merah Ukuran Sedang,2026-09,37648.0
Bawang Putih,Bawang Putih Ukuran Sedang,2022-01,30329.0
Bawang Putih,Bawang Putih Ukuran Sedang,2022-02,30218.0
Bawang Putih,Bawang Putih Ukuran Sedang,2022-03,31652.0
Bawang Putih,Bawang Putih Ukuran Sedang,2022-04,32821.0
Bawang Putih,Bawang Putih Ukuran Sedang,2022-05,32634.0
Bawang Putih,Bawang Putih Ukuran Sedang,2022-06,30005.0
Bawang Putih,Bawang Putih Ukuran Sedang,2022-07,29371.0
Bawang Putih,Bawang Putih Ukuran Sedang,2022-08,29022.0
Bawang Putih,Bawang Putih Ukuran Sedang,2022-09,28732.0
Bawang Putih,Bawang Putih Ukuran Sedang,2022-10,28129.0
Bawang Putih,Bawang Putih Ukuran Sedang,2022-11,27745.0
Bawang Putih,Bawang Putih Ukuran Sedang,2022-12,28266.0
Bawang Putih,Bawang Putih Ukuran Sedang,2023-01,29545.0
Bawang Putih,Bawang Putih Ukuran Sedang,2023-02,30578.0
Bawang Putih,Bawang Putih Ukuran Sedang,2023-03,33520.0
Bawang Putih,Bawang Putih Ukuran Sedang,2023-04,34113.0
Bawang Putih,Bawang Putih Ukuran Sedang,2023-05,37737.0
Bawang Putih,Bawang Putih Ukuran Sedang,2023-06,39470.0
Bawang Putih,Bawang Putih Ukuran Sedang,2023-07,42486.0
Bawang Putih,Bawang Putih Ukuran Sedang,2023-08,41291.0
Bawang Putih,Bawang Putih Ukuran Sedang,2023-09,39252.0
Bawang Putih,Bawang Putih Ukuran Sedang,2023-10,38368.0
Bawang Putih,Bawang Putih Ukuran Sedang,2023-11,37693.0
Bawang Putih,Bawang Putih Ukuran Sedang,2023-12,38602.0
Bawang Putih,Bawang Putih Ukuran Sedang,2024-01,41198.0
Bawang Putih,Bawang Putih Ukuran Sedang,2024-02,40774.0
Bawang Putih,Bawang Putih Ukuran Sedang,2024-03,42586.0
Bawang Putih,Bawang Putih Ukuran Sedang,2024-04,45573.0
Bawang Putih,Bawang Putih Ukuran Sedang,2024-05,46441.0
Bawang Putih,Bawang Putih Ukuran Sedang,2024-06,44690.0
Bawang Putih,Bawang Putih Ukuran Sedang,2024-07,42778.0
Bawang Putih,Bawang Putih Ukuran Sedang,2024-08,42182.0
Bawang Putih,Bawang Putih Ukuran Sedang,2024-09,42031.0
Bawang Putih,Bawang Putih Ukuran Sedang,2024-10,42185.0
Bawang Putih,Bawang Putih Ukuran Sedang,2024-11,43393.0
Bawang Putih,Bawang Putih Ukuran Sedang,2024-12,44570.0
Bawang Putih,Bawang Putih Ukuran Sedang,2025-01,44739.0
Bawang Putih,Bawang Putih Ukuran Sedang,2025-02,44898.0
Bawang Putih,Bawang Putih Ukuran Sedang,2025-03,46405.0
Bawang Putih,Bawang Putih Ukuran Sedang,2025-04,47377.0
Bawang Putih,Bawang Putih Ukuran Sedang,2025-05,44798.0
Bawang Putih,Bawang Putih Ukuran Sedang,2025-06,42267.0
Bawang Putih,Bawang Putih Ukuran Sedang,2025-07,41241.0
Bawang Putih,Bawang Putih Ukuran Sedang,2025-08,40519.0
Bawang Putih,Bawang Putih Ukuran Sedang,2025-09,39520.0
Bawang Putih,Bawang Putih Ukuran Sedang,2025-10,39098.0
Bawang Putih,Bawang Putih Ukuran Sedang,2025-11,38803.0
Bawang Putih,Bawang Putih Ukuran Sedang,2025-12,39948.0
Bawang Putih,Bawang Putih Ukuran Sedang,2026-01,40455.0
Bawang Putih,Bawang Putih Ukuran Sedang,2026-02,40760.0
Bawang Putih,Bawang Putih Ukuran Sedang,2026-03,40248.0
Bawang Putih,Bawang Putih Ukuran Sedang,2026-04,39923.0
Bawang Putih,Bawang Putih Ukuran Sedang,2026-05,38838.0
Bawang Putih,Bawang Putih Ukuran Sedang,2026-06,41886.0
Bawang Putih,Bawang Putih Ukuran Sedang,2026-07,43396.0
Bawang Putih,Bawang Putih Ukuran Sedang,2026-08,40429.0
Bawang Putih,Bawang Putih Ukuran Sedang,2026-09,39209.0
Beras,Beras Kualitas Bawah I,2022-01,10740.0
Beras,Beras Kualitas Bawah I,2022-02,10711.0
Beras,Beras Kualitas Bawah I,2022-03,10750.0
Beras,Beras Kualitas Bawah I,2022-04,10848.0
Beras,Beras Kualitas Bawah I,2022-05,11058.0
Beras,Beras Kualitas Bawah I,2022-06,10717.0
Beras,Beras Kualitas Bawah I,2022-07,10702.0
Beras,Beras Kualitas Bawah I,2022-08,10746.0
Beras,Beras Kualitas Bawah I,2022-09,10941.0
Beras,Beras Kualitas Bawah I,2022-10,11088.0
Beras,Beras Kualitas Bawah I,2022-11,11145.0
Beras,Beras Kualitas Bawah I,2022-12,11373.0
Beras,Beras Kualitas Bawah I,2023-01,11616.0
Beras,Beras Kualitas Bawah I,2023-02,11933.0
Beras,Beras Kualitas Bawah I,2023-03,12120.0
Beras,Beras Kualitas Bawah I,2023-04,12243.0
Beras,Beras Kualitas Bawah I,2023-05,12293.0
Beras,Beras Kualitas Bawah I,2023-06,12461.0
Beras,Beras Kualitas Bawah I,2023-07,12471.0
Beras,Beras Kualitas Bawah I,2023-08,12535.0
Beras,Beras Kualitas Bawah I,2023-09,13017.0
Beras,Beras Kualitas Bawah I,2023-10,13452.0
Beras,Beras Kualitas Bawah I,2023-11,13523.0
Beras,Beras Kualitas Bawah I,2023-12,13479.0
Beras,Beras Kualitas Bawah I,2024-01,13704.0
Beras,Beras Kualitas Bawah I,2024-02,14195.0
Beras,Beras Kualitas Bawah I,2024-03,14743.0
Beras,Beras Kualitas Bawah I,2024-04,14536.0
Beras,Beras Kualitas Bawah I,2024-05,14241.0
Beras,Beras Kualitas Bawah I,2024-06,14075.0
Beras,Beras Kualitas Bawah I,2024-07,14080.0
Beras,Beras Kualitas Bawah I,2024-08,14086.0
Beras,Beras Kualitas Bawah I,2024-09,14045.0
Beras,Beras Kualitas Bawah I,2024-10,14046.0
Beras,Beras Kualitas Bawah I,2024-11,13964.0
Beras,Beras Kualitas Bawah I,2024-12,13966.0
Beras,Beras Kualitas Bawah I,2025-01,13996.0
Beras,Beras Kualitas Bawah I,2025-02,14015.0
Beras,Beras Kualitas Bawah I,2025-03,14050.0
Beras,Beras Kualitas Bawah I,2025-04,14100.0
Beras,Beras Kualitas Bawah I,2025-05,14157.0
Beras,Beras Kualitas Bawah I,2025-06,14321.0
Beras,Beras Kualitas Bawah I,2025-07,14572.0
Beras,Beras Kualitas Bawah I,2025-08,14693.0
Beras,Beras Kualitas Bawah I,2025-09,14566.0
Beras,Beras Kualitas Bawah I,2025-10,14487.0
Beras,Beras Kualitas Bawah I,2025-11,14398.0
Beras,Beras Kualitas Bawah I,2025-12,14378.0
Beras,Beras Kualitas Bawah I,2026-01,14400.0
Beras,Beras Kualitas Bawah I,2026-02,14413.0
Beras,Beras Kualitas Bawah I,2026-03,14475.0
Beras,Beras Kualitas Bawah I,2026-04,14534.0
Beras,Beras Kualitas Bawah I,2026-05,14550.0
Beras,Beras Kualitas Bawah I,2026-06,14645.0
Beras,Beras Kualitas Bawah I,2026-07,14733.0
Beras,Beras Kualitas Bawah I,2026-08,14814.0
Beras,Beras Kualitas Bawah I,2026-09,14891.0
Beras,Beras Kualitas Bawah II,2022-01,10436.0
Beras,Beras Kualitas Bawah II,2022-02,10494.0
Beras,Beras Kualitas Bawah II,2022-03,10470.0
Beras,Beras Kualitas Bawah II,2022-04,10605.0
Beras,Beras Kualitas Bawah II,2022-05,10805.0
Beras,Beras Kualitas Bawah II,2022-06,10398.0
Beras,Beras Kualitas Bawah II,2022-07,10402.0
Beras,Beras Kualitas Bawah II,2022-08,10491.0
Beras,Beras Kualitas Bawah II,2022-09,10666.0
Beras,Beras Kualitas Bawah II,2022-10,10750.0
Beras,Beras Kualitas Bawah II,2022-11,10802.0
Beras,Beras Kualitas Bawah II,2022-12,11080.0
Beras,Beras Kualitas Bawah II,2023-01,11332.0
Beras,Beras Kualitas Bawah II,2023-02,11600.0
Beras,Beras Kualitas Bawah II,2023-03,11741.0
Beras,Beras Kualitas Bawah II,2023-04,11873.0
Beras,Beras Kualitas Bawah II,2023-05,11991.0
Beras,Beras Kualitas Bawah II,2023-06,12061.0
Beras,Beras Kualitas Bawah II,2023-07,12071.0
Beras,Beras Kualitas Bawah II,2023-08,12170.0
Beras,Beras Kualitas Bawah II,2023-09,12786.0
Beras,Beras Kualitas Bawah II,2023-10,13280.0
Beras,Beras Kualitas Bawah II,2023-11,13420.0
Beras,Beras Kualitas Bawah II,2023-12,13388.0
Beras,Beras Kualitas Bawah II,2024-01,13454.0
Beras,Beras Kualitas Bawah II,2024-02,14014.0
Beras,Beras Kualitas Bawah II,2024-03,14481.0
Beras,Beras Kualitas Bawah II,2024-04,14259.0
Beras,Beras Kualitas Bawah II,2024-05,13937.0
Beras,Beras Kualitas Bawah II,2024-06,13823.0
Beras,Beras Kualitas Bawah II,2024-07,13833.0
Beras,Beras Kualitas Bawah II,2024-08,13841.0
Beras,Beras Kualitas Bawah II,2024-09,13843.0
Beras,Beras Kualitas Bawah II,2024-10,13820.0
Beras,Beras Kualitas Bawah II,2024-11,13729.0
Beras,Beras Kualitas Bawah II,2024-12,13741.0
Beras,Beras Kualitas Bawah II,2025-01,13767.0
Beras,Beras Kualitas Bawah II,2025-02,13795.0
Beras,Beras Kualitas Bawah II,2025-03,13805.0
Beras,Beras Kualitas Bawah II,2025-04,13880.0
Beras,Beras Kualitas Bawah II,2025-05,13955.0
Beras,Beras Kualitas Bawah II,2025-06,14126.0
Beras,Beras Kualitas Bawah II,2025-07,14396.0
Beras,Beras Kualitas Bawah II,2025-08,14500.0
Beras,Beras Kualitas Bawah II,2025-09,14468.0
Beras,Beras Kualitas Bawah II,2025-10,14383.0
Beras,Beras Kualitas Bawah II,2025-11,14298.0
Beras,Beras Kualitas Bawah II,2025-12,14341.0
Beras,Beras Kualitas Bawah II,2026-01,14400.0
Beras,Beras Kualitas Bawah II,2026-02,14440.0
Beras,Beras Kualitas Bawah II,2026-03,14500.0
Beras,Beras Kualitas Bawah II,2026-04,14543.0
Beras,Beras Kualitas Bawah II,2026-05,14507.0
Beras,Beras Kualitas Bawah II,2026-06,14493.0
Beras,Beras Kualitas Bawah II,2026-07,14548.0
Beras,Beras Kualitas Bawah II,2026-08,14629.0
Beras,Beras Kualitas Bawah II,2026-09,14691.0
Beras,Beras Kualitas Medium I,2022-01,11776.0
Beras,Beras Kualitas Medium I,2022-02,11763.0
Beras,Beras Kualitas Medium I,2022-03,11807.0
Beras,Beras Kualitas Medium I,2022-04,11945.0
Beras,Beras Kualitas Medium I,2022-05,12026.0
Beras,Beras Kualitas Medium I,2022-06,11755.0
Beras,Beras Kualitas Medium I,2022-07,11771.0
Beras,Beras Kualitas Medium I,2022-08,11872.0
Beras,Beras Kualitas Medium I,2022-09,12034.0
Beras,Beras Kualitas Medium I,2022-10,12171.0
Beras,Beras Kualitas Medium I,2022-11,12270.0
Beras,Beras Kualitas Medium I,2022-12,12516.0
Beras,Beras Kualitas Medium I,2023-01,12784.0
Beras,Beras Kualitas Medium I,2023-02,13108.0
Beras,Beras Kualitas Medium I,2023-03,13291.0
Beras,Beras Kualitas Medium I,2023-04,13443.0
Beras,Beras Kualitas Medium I,2023-05,13483.0
Beras,Beras Kualitas Medium I,2023-06,13570.0
Beras,Beras Kualitas Medium I,2023-07,13555.0
Beras,Beras Kualitas Medium I,2023-08,13689.0
Beras,Beras Kualitas Medium I,2023-09,14205.0
Beras,Beras Kualitas Medium I,2023-10,14625.0
Beras,Beras Kualitas Medium I,2023-11,14714.0
Beras,Beras Kualitas Medium I,2023-12,14643.0
Beras,Beras Kualitas Medium I,2024-01,14811.0
Beras,Beras Kualitas Medium I,2024-02,15419.0
Beras,Beras Kualitas Medium I,2024-03,16017.0
Beras,Beras Kualitas Medium I,2024-04,15795.0
Beras,Beras Kualitas Medium I,2024-05,15511.0
Beras,Beras Kualitas Medium I,2024-06,15398.0
Beras,Beras Kualitas Medium I,2024-07,15437.0
Beras,Beras Kualitas Medium I,2024-08,15409.0
Beras,Beras Kualitas Medium I,2024-09,15393.0
Beras,Beras Kualitas Medium I,2024-10,15359.0
Beras,Beras Kualitas Medium I,2024-11,15290.0
Beras,Beras Kualitas Medium I,2024-12,15275.0
Beras,Beras Kualitas Medium I,2025-01,15274.0
Beras,Beras Kualitas Medium I,2025-02,15303.0
Beras,Beras Kualitas Medium I,2025-03,15343.0
Beras,Beras Kualitas Medium I,2025-04,15395.0
Beras,Beras Kualitas Medium I,2025-05,15432.0
Beras,Beras Kualitas Medium I,2025-06,15595.0
Beras,Beras Kualitas Medium I,2025-07,15909.0
Beras,Beras Kualitas Medium I,2025-08,16048.0
Beras,Beras Kualitas Medium I,2025-09,16050.0
Beras,Beras Kualitas Medium I,2025-10,15967.0
Beras,Beras Kualitas Medium I,2025-11,15880.0
Beras,Beras Kualitas Medium I,2025-12,15891.0
Beras,Beras Kualitas Medium I,2026-01,15900.0
Beras,Beras Kualitas Medium I,2026-02,15938.0
Beras,Beras Kualitas Medium I,2026-03,15977.0
Beras,Beras Kualitas Medium I,2026-04,16068.0
Beras,Beras Kualitas Medium I,2026-05,16143.0
Beras,Beras Kualitas Medium I,2026-06,16268.0
Beras,Beras Kualitas Medium I,2026-07,16376.0
Beras,Beras Kualitas Medium I,2026-08,16479.0
Beras,Beras Kualitas Medium I,2026-09,16591.0
Beras,Beras Kualitas Medium II,2022-01,11581.0
Beras,Beras Kualitas Medium II,2022-02,11600.0
Beras,Beras Kualitas Medium II,2022-03,11598.0
Beras,Beras Kualitas Medium II,2022-04,11707.0
Beras,Beras Kualitas Medium II,2022-05,11803.0
Beras,Beras Kualitas Medium II,2022-06,11550.0
Beras,Beras Kualitas Medium II,2022-07,11552.0
Beras,Beras Kualitas Medium II,2022-08,11635.0
Beras,Beras Kualitas Medium II,2022-09,11868.0
Beras,Beras Kualitas Medium II,2022-10,11998.0
Beras,Beras Kualitas Medium II,2022-11,12077.0
Beras,Beras Kualitas Medium II,2022-12,12323.0
Beras,Beras Kualitas Medium II,2023-01,12609.0
Beras,Beras Kualitas Medium II,2023-02,12953.0
Beras,Beras Kualitas Medium II,2023-03,13126.0
Beras,Beras Kualitas Medium II,2023-04,13205.0
Beras,Beras Kualitas Medium II,2023-05,13209.0
Beras,Beras Kualitas Medium II,2023-06,13357.0
Beras,Beras Kualitas Medium II,2023-07,13343.0
Beras,Beras Kualitas Medium II,2023-08,13437.0
Beras,Beras Kualitas Medium II,2023-09,14000.0
Beras,Beras Kualitas Medium II,2023-10,14393.0
Beras,Beras Kualitas Medium II,2023-11,14486.0
Beras,Beras Kualitas Medium II,2023-12,14421.0
Beras,Beras Kualitas Medium II,2024-01,14643.0
Beras,Beras Kualitas Medium II,2024-02,15288.0
Beras,Beras Kualitas Medium II,2024-03,15774.0
Beras,Beras Kualitas Medium II,2024-04,15525.0
Beras,Beras Kualitas Medium II,2024-05,15257.0
Beras,Beras Kualitas Medium II,2024-06,15295.0
Beras,Beras Kualitas Medium II,2024-07,15352.0
Beras,Beras Kualitas Medium II,2024-08,15330.0
Beras,Beras Kualitas Medium II,2024-09,15321.0
Beras,Beras Kualitas Medium II,2024-10,15293.0
Beras,Beras Kualitas Medium II,2024-11,15195.0
Beras,Beras Kualitas Medium II,2024-12,15143.0
Beras,Beras Kualitas Medium II,2025-01,15157.0
Beras,Beras Kualitas Medium II,2025-02,15198.0
Beras,Beras Kualitas Medium II,2025-03,15212.0
Beras,Beras Kualitas Medium II,2025-04,15268.0
Beras,Beras Kualitas Medium II,2025-05,15323.0
Beras,Beras Kualitas Medium II,2025-06,15474.0
Beras,Beras Kualitas Medium II,2025-07,15778.0
Beras,Beras Kualitas Medium II,2025-08,15900.0
Beras,Beras Kualitas Medium II,2025-09,15891.0
Beras,Beras Kualitas Medium II,2025-10,15785.0
Beras,Beras Kualitas Medium II,2025-11,15710.0
Beras,Beras Kualitas Medium II,2025-12,15770.0
Beras,Beras Kualitas Medium II,2026-01,15755.0
Beras,Beras Kualitas Medium II,2026-02,15765.0
Beras,Beras Kualitas Medium II,2026-03,15832.0
Beras,Beras Kualitas Medium II,2026-04,15927.0
Beras,Beras Kualitas Medium II,2026-05,15988.0
Beras,Beras Kualitas Medium II,2026-06,16073.0
Beras,Beras Kualitas Medium II,2026-07,16165.0
Beras,Beras Kualitas Medium II,2026-08,16262.0
Beras,Beras Kualitas Medium II,2026-09,16380.0
Beras,Beras Kualitas Super I,2022-01,13081.0
Beras,Beras Kualitas Super I,2022-02,13042.0
Beras,Beras Kualitas Super I,2022-03,13102.0
Beras,Beras Kualitas Super I,2022-04,13233.0
Beras,Beras Kualitas Super I,2022-05,13300.0
Beras,Beras Kualitas Super I,2022-06,13050.0
Beras,Beras Kualitas Super I,2022-07,13050.0
Beras,Beras Kualitas Super I,2022-08,13180.0
Beras,Beras Kualitas Super I,2022-09,13316.0
Beras,Beras Kualitas Super I,2022-10,13474.0
Beras,Beras Kualitas Super I,2022-11,13557.0
Beras,Beras Kualitas Super I,2022-12,13852.0
Beras,Beras Kualitas Super I,2023-01,14118.0
Beras,Beras Kualitas Super I,2023-02,14460.0
Beras,Beras Kualitas Super I,2023-03,14667.0
Beras,Beras Kualitas Super I,2023-04,14780.0
Beras,Beras Kualitas Super I,2023-05,14765.0
Beras,Beras Kualitas Super I,2023-06,14902.0
Beras,Beras Kualitas Super I,2023-07,14905.0
Beras,Beras Kualitas Super I,2023-08,14980.0
Beras,Beras Kualitas Super I,2023-09,15540.0
Beras,Beras Kualitas Super I,2023-10,15916.0
Beras,Beras Kualitas Super I,2023-11,15950.0
Beras,Beras Kualitas Super I,2023-12,15881.0
Beras,Beras Kualitas Super I,2024-01,16111.0
Beras,Beras Kualitas Super I,2024-02,16757.0
Beras,Beras Kualitas Super I,2024-03,17302.0
Beras,Beras Kualitas Super I,2024-04,17080.0
Beras,Beras Kualitas Super I,2024-05,16846.0
Beras,Beras Kualitas Super I,2024-06,16808.0
Beras,Beras Kualitas Super I,2024-07,16857.0
Beras,Beras Kualitas Super I,2024-08,16843.0
Beras,Beras Kualitas Super I,2024-09,16776.0
Beras,Beras Kualitas Super I,2024-10,16713.0
Beras,Beras Kualitas Super I,2024-11,16633.0
Beras,Beras Kualitas Super I,2024-12,16634.0
Beras,Beras Kualitas Super I,2025-01,16617.0
Beras,Beras Kualitas Super I,2025-02,16653.0
Beras,Beras Kualitas Super I,2025-03,16686.0
Beras,Beras Kualitas Super I,2025-04,16720.0
Beras,Beras Kualitas Super I,2025-05,16736.0
Beras,Beras Kualitas Super I,2025-06,16883.0
Beras,Beras Kualitas Super I,2025-07,17163.0
Beras,Beras Kualitas Super I,2025-08,17288.0
Beras,Beras Kualitas Super I,2025-09,17234.0
Beras,Beras Kualitas Super I,2025-10,17170.0
Beras,Beras Kualitas Super I,2025-11,17078.0
Beras,Beras Kualitas Super I,2025-12,17087.0
Beras,Beras Kualitas Super I,2026-01,17102.0
Beras,Beras Kualitas Super I,2026-02,17153.0
Beras,Beras Kualitas Super I,2026-03,17205.0
Beras,Beras Kualitas Super I,2026-04,17323.0
Beras,Beras Kualitas Super I,2026-05,17407.0
Beras,Beras Kualitas Super I,2026-06,17539.0
Beras,Beras Kualitas Super I,2026-07,17667.0
Beras,Beras Kualitas Super I,2026-08,17750.0
Beras,Beras Kualitas Super I,2026-09,17884.0
Beras,Beras Kualitas Super II,2022-01,12631.0
Beras,Beras Kualitas Super II,2022-02,12653.0
Beras,Beras Kualitas Super II,2022-03,12648.0
Beras,Beras Kualitas Super II,2022-04,12819.0
Beras,Beras Kualitas Super II,2022-05,12871.0
Beras,Beras Kualitas Super II,2022-06,12650.0
Beras,Beras Kualitas Super II,2022-07,12652.0
Beras,Beras Kualitas Super II,2022-08,12741.0
Beras,Beras Kualitas Super II,2022-09,12959.0
Beras,Beras Kualitas Super II,2022-10,13110.0
Beras,Beras Kualitas Super II,2022-11,13209.0
Beras,Beras Kualitas Super II,2022-12,13502.0
Beras,Beras Kualitas Super II,2023-01,13723.0
Beras,Beras Kualitas Super II,2023-02,14010.0
Beras,Beras Kualitas Super II,2023-03,14139.0
Beras,Beras Kualitas Super II,2023-04,14233.0
Beras,Beras Kualitas Super II,2023-05,14254.0
Beras,Beras Kualitas Super II,2023-06,14341.0
Beras,Beras Kualitas Super II,2023-07,14350.0
Beras,Beras Kualitas Super II,2023-08,14441.0
Beras,Beras Kualitas Super II,2023-09,14943.0
Beras,Beras Kualitas Super II,2023-10,15343.0
Beras,Beras Kualitas Super II,2023-11,15457.0
Beras,Beras Kualitas Super II,2023-12,15390.0
Beras,Beras Kualitas Super II,2024-01,15630.0
Beras,Beras Kualitas Super II,2024-02,16271.0
Beras,Beras Kualitas Super II,2024-03,16757.0
Beras,Beras Kualitas Super II,2024-04,16566.0
Beras,Beras Kualitas Super II,2024-05,16383.0
Beras,Beras Kualitas Super II,2024-06,16330.0
Beras,Beras Kualitas Super II,2024-07,16300.0
Beras,Beras Kualitas Super II,2024-08,16291.0
Beras,Beras Kualitas Super II,2024-09,16286.0
Beras,Beras Kualitas Super II,2024-10,16263.0
Beras,Beras Kualitas Super II,2024-11,16202.0
Beras,Beras Kualitas Super II,2024-12,16193.0
Beras,Beras Kualitas Super II,2025-01,16172.0
Beras,Beras Kualitas Super II,2025-02,16198.0
Beras,Beras Kualitas Super II,2025-03,16248.0
Beras,Beras Kualitas Super II,2025-04,16270.0
Beras,Beras Kualitas Super II,2025-05,16282.0
Beras,Beras Kualitas Super II,2025-06,16424.0
Beras,Beras Kualitas Super II,2025-07,16663.0
Beras,Beras Kualitas Super II,2025-08,16755.0
Beras,Beras Kualitas Super II,2025-09,16734.0
Beras,Beras Kualitas Super II,2025-10,16657.0
Beras,Beras Kualitas Super II,2025-11,16588.0
Beras,Beras Kualitas Super II,2025-12,16624.0
Beras,Beras Kualitas Super II,2026-01,16650.0
Beras,Beras Kualitas Super II,2026-02,16680.0
Beras,Beras Kualitas Super II,2026-03,16736.0
Beras,Beras Kualitas Super II,2026-04,16857.0
Beras,Beras Kualitas Super II,2026-05,16929.0
Beras,Beras Kualitas Super II,2026-06,17025.0
Beras,Beras Kualitas Super II,2026-07,17148.0
Beras,Beras Kualitas Super II,2026-08,17229.0
Beras,Beras Kualitas Super II,2026-09,17320.0
Cabai Merah,Cabai Merah Besar,2022-01,41917.0
Cabai Merah,Cabai Merah Besar,2022-02,41476.0
Cabai Merah,Cabai Merah Besar,2022-03,53325.0
Cabai Merah,Cabai Merah Besar,2022-04,51410.0
Cabai Merah,Cabai Merah Besar,2022-05,53758.0
Cabai Merah,Cabai Merah Besar,2022-06,65914.0
Cabai Merah,Cabai Merah Besar,2022-07,79043.0
Cabai Merah,Cabai Merah Besar,2022-08,64693.0
Cabai Merah,Cabai Merah Besar,2022-09,59627.0
Cabai Merah,Cabai Merah Besar,2022-10,46440.0
Cabai Merah,Cabai Merah Besar,2022-11,38409.0
Cabai Merah,Cabai Merah Besar,2022-12,38170.0
Cabai Merah,Cabai Merah Besar,2023-01,40320.0
Cabai Merah,Cabai Merah Besar,2023-02,42650.0
Cabai Merah,Cabai Merah Besar,2023-03,47552.0
Cabai Merah,Cabai Merah Besar,2023-04,45530.0
Cabai Merah,Cabai Merah Besar,2023-05,44154.0
Cabai Merah,Cabai Merah Besar,2023-06,46750.0
Cabai Merah,Cabai Merah Besar,2023-07,46183.0
Cabai Merah,Cabai Merah Besar,2023-08,43007.0
Cabai Merah,Cabai Merah Besar,2023-09,42343.0
Cabai Merah,Cabai Merah Besar,2023-10,44382.0
Cabai Merah,Cabai Merah Besar,2023-11,60314.0
Cabai Merah,Cabai Merah Besar,2023-12,72217.0
Cabai Merah,Cabai Merah Besar,2024-01,61900.0
Cabai Merah,Cabai Merah Besar,2024-02,70162.0
Cabai Merah,Cabai Merah Besar,2024-03,65510.0
Cabai Merah,Cabai Merah Besar,2024-04,52709.0
Cabai Merah,Cabai Merah Besar,2024-05,54663.0
Cabai Merah,Cabai Merah Besar,2024-06,59258.0
Cabai Merah,Cabai Merah Besar,2024-07,50648.0
Cabai Merah,Cabai Merah Besar,2024-08,47041.0
Cabai Merah,Cabai Merah Besar,2024-09,38833.0
Cabai Merah,Cabai Merah Besar,2024-10,34070.0
Cabai Merah,Cabai Merah Besar,2024-11,33262.0
Cabai Merah,Cabai Merah Besar,2024-12,41959.0
Cabai Merah,Cabai Merah Besar,2025-01,57204.0
Cabai Merah,Cabai Merah Besar,2025-02,56448.0
Cabai Merah,Cabai Merah Besar,2025-03,59179.0
Cabai Merah,Cabai Merah Besar,2025-04,58618.0
Cabai Merah,Cabai Merah Besar,2025-05,51089.0
Cabai Merah,Cabai Merah Besar,2025-06,49312.0
Cabai Merah,Cabai Merah Besar,2025-07,47437.0
Cabai Merah,Cabai Merah Besar,2025-08,46852.0
Cabai Merah,Cabai Merah Besar,2025-09,50686.0
Cabai Merah,Cabai Merah Besar,2025-10,51139.0
Cabai Merah,Cabai Merah Besar,2025-11,56338.0
Cabai Merah,Cabai Merah Besar,2025-12,55359.0
Cabai Merah,Cabai Merah Besar,2026-01,41484.0
Cabai Merah,Cabai Merah Besar,2026-02,44173.0
Cabai Merah,Cabai Merah Besar,2026-03,49616.0
Cabai Merah,Cabai Merah Besar,2026-04,47155.0
Cabai Merah,Cabai Merah Besar,2026-05,57940.0
Cabai Merah,Cabai Merah Besar,2026-06,59400.0
Cabai Merah,Cabai Merah Besar,2026-07,49080.0
Cabai Merah,Cabai Merah Besar,2026-08,49702.0
Cabai Merah,Cabai Merah Besar,2026-09,56064.0
Cabai Merah,Cabai Merah Keriting,2022-01,41812.0
Cabai Merah,Cabai Merah Keriting,2022-02,42347.0
Cabai Merah,Cabai Merah Keriting,2022-03,52618.0
Cabai Merah,Cabai Merah Keriting,2022-04,48031.0
Cabai Merah,Cabai Merah Keriting,2022-05,50324.0
Cabai Merah,Cabai Merah Keriting,2022-06,69321.0
Cabai Merah,Cabai Merah Keriting,2022-07,80671.0
Cabai Merah,Cabai Merah Keriting,2022-08,65041.0
Cabai Merah,Cabai Merah Keriting,2022-09,63559.0
Cabai Merah,Cabai Merah Keriting,2022-10,47381.0
Cabai Merah,Cabai Merah Keriting,2022-11,37073.0
Cabai Merah,Cabai Merah Keriting,2022-12,39025.0
Cabai Merah,Cabai Merah Keriting,2023-01,41652.0
Cabai Merah,Cabai Merah Keriting,2023-02,44438.0
Cabai Merah,Cabai Merah Keriting,2023-03,47776.0
Cabai Merah,Cabai Merah Keriting,2023-04,42588.0
Cabai Merah,Cabai Merah Keriting,2023-05,41172.0
Cabai Merah,Cabai Merah Keriting,2023-06,43980.0
Cabai Merah,Cabai Merah Keriting,2023-07,45524.0
Cabai Merah,Cabai Merah Keriting,2023-08,44743.0
Cabai Merah,Cabai Merah Keriting,2023-09,42733.0
Cabai Merah,Cabai Merah Keriting,2023-10,46973.0
Cabai Merah,Cabai Merah Keriting,2023-11,65632.0
Cabai Merah,Cabai Merah Keriting,2023-12,70319.0
Cabai Merah,Cabai Merah Keriting,2024-01,56257.0
Cabai Merah,Cabai Merah Keriting,2024-02,62555.0
Cabai Merah,Cabai Merah Keriting,2024-03,60229.0
Cabai Merah,Cabai Merah Keriting,2024-04,49577.0
Cabai Merah,Cabai Merah Keriting,2024-05,51152.0
Cabai Merah,Cabai Merah Keriting,2024-06,59735.0
Cabai Merah,Cabai Merah Keriting,2024-07,51515.0
Cabai Merah,Cabai Merah Keriting,2024-08,49509.0
Cabai Merah,Cabai Merah Keriting,2024-09,39729.0
Cabai Merah,Cabai Merah Keriting,2024-10,34996.0
Cabai Merah,Cabai Merah Keriting,2024-11,33188.0
Cabai Merah,Cabai Merah Keriting,2024-12,41391.0
Cabai Merah,Cabai Merah Keriting,2025-01,58557.0
Cabai Merah,Cabai Merah Keriting,2025-02,56605.0
Cabai Merah,Cabai Merah Keriting,2025-03,59845.0
Cabai Merah,Cabai Merah Keriting,2025-04,63489.0
Cabai Merah,Cabai Merah Keriting,2025-05,54475.0
Cabai Merah,Cabai Merah Keriting,2025-06,49381.0
Cabai Merah,Cabai Merah Keriting,2025-07,49293.0
Cabai Merah,Cabai Merah Keriting,2025-08,46290.0
Cabai Merah,Cabai Merah Keriting,2025-09,55802.0
Cabai Merah,Cabai Merah Keriting,2025-10,56287.0
Cabai Merah,Cabai Merah Keriting,2025-11,56393.0
Cabai Merah,Cabai Merah Keriting,2025-12,60443.0
Cabai Merah,Cabai Merah Keriting,2026-01,42989.0
Cabai Merah,Cabai Merah Keriting,2026-02,46400.0
Cabai Merah,Cabai Merah Keriting,2026-03,49766.0
Cabai Merah,Cabai Merah Keriting,2026-04,45939.0
Cabai Merah,Cabai Merah Keriting,2026-05,55331.0
Cabai Merah,Cabai Merah Keriting,2026-06,57018.0
Cabai Merah,Cabai Merah Keriting,2026-07,48324.0
Cabai Merah,Cabai Merah Keriting,2026-08,51400.0
Cabai Merah,Cabai Merah Keriting,2026-09,65359.0
Cabai Rawit,Cabai Rawit Hijau,2022-01,52681.0
Cabai Rawit,Cabai Rawit Hijau,2022-02,43692.0
Cabai Rawit,Cabai Rawit Hijau,2022-03,47698.0
Cabai Rawit,Cabai Rawit Hijau,2022-04,46036.0
Cabai Rawit,Cabai Rawit Hijau,2022-05,46758.0
Cabai Rawit,Cabai Rawit Hijau,2022-06,63200.0
Cabai Rawit,Cabai Rawit Hijau,2022-07,68786.0
Cabai Rawit,Cabai Rawit Hijau,2022-08,52602.0
Cabai Rawit,Cabai Rawit Hijau,2022-09,50673.0
Cabai Rawit,Cabai Rawit Hijau,2022-10,42674.0
Cabai Rawit,Cabai Rawit Hijau,2022-11,38341.0
Cabai Rawit,Cabai Rawit Hijau,2022-12,46857.0
Cabai Rawit,Cabai Rawit Hijau,2023-01,50532.0
Cabai Rawit,Cabai Rawit Hijau,2023-02,47025.0
Cabai Rawit,Cabai Rawit Hijau,2023-03,47689.0
Cabai Rawit,Cabai Rawit Hijau,2023-04,40245.0
Cabai Rawit,Cabai Rawit Hijau,2023-05,36354.0
Cabai Rawit,Cabai Rawit Hijau,2023-06,39334.0
Cabai Rawit,Cabai Rawit Hijau,2023-07,40910.0
Cabai Rawit,Cabai Rawit Hijau,2023-08,40787.0
Cabai Rawit,Cabai Rawit Hijau,2023-09,39233.0
Cabai Rawit,Cabai Rawit Hijau,2023-10,46875.0
Cabai Rawit,Cabai Rawit Hijau,2023-11,62118.0
Cabai Rawit,Cabai Rawit Hijau,2023-12,62257.0
Cabai Rawit,Cabai Rawit Hijau,2024-01,48111.0
Cabai Rawit,Cabai Rawit Hijau,2024-02,47793.0
Cabai Rawit,Cabai Rawit Hijau,2024-03,52295.0
Cabai Rawit,Cabai Rawit Hijau,2024-04,47682.0
Cabai Rawit,Cabai Rawit Hijau,2024-05,47143.0
Cabai Rawit,Cabai Rawit Hijau,2024-06,49660.0
Cabai Rawit,Cabai Rawit Hijau,2024-07,53578.0
Cabai Rawit,Cabai Rawit Hijau,2024-08,52595.0
Cabai Rawit,Cabai Rawit Hijau,2024-09,46926.0
Cabai Rawit,Cabai Rawit Hijau,2024-10,41643.0
Cabai Rawit,Cabai Rawit Hijau,2024-11,37521.0
Cabai Rawit,Cabai Rawit Hijau,2024-12,43150.0
Cabai Rawit,Cabai Rawit Hijau,2025-01,59498.0
Cabai Rawit,Cabai Rawit Hijau,2025-02,61630.0
Cabai Rawit,Cabai Rawit Hijau,2025-03,64483.0
Cabai Rawit,Cabai Rawit Hijau,2025-04,56416.0
Cabai Rawit,Cabai Rawit Hijau,2025-05,45673.0
Cabai Rawit,Cabai Rawit Hijau,2025-06,46114.0
Cabai Rawit,Cabai Rawit Hijau,2025-07,50907.0
Cabai Rawit,Cabai Rawit Hijau,2025-08,45914.0
Cabai Rawit,Cabai Rawit Hijau,2025-09,44609.0
Cabai Rawit,Cabai Rawit Hijau,2025-10,39080.0
Cabai Rawit,Cabai Rawit Hijau,2025-11,39345.0
Cabai Rawit,Cabai Rawit Hijau,2025-12,59554.0
Cabai Rawit,Cabai Rawit Hijau,2026-01,56320.0
Cabai Rawit,Cabai Rawit Hijau,2026-02,54218.0
Cabai Rawit,Cabai Rawit Hijau,2026-03,56568.0
Cabai Rawit,Cabai Rawit Hijau,2026-04,50984.0
Cabai Rawit,Cabai Rawit Hijau,2026-05,52914.0
Cabai Rawit,Cabai Rawit Hijau,2026-06,54168.0
Cabai Rawit,Cabai Rawit Hijau,2026-07,51450.0
Cabai Rawit,Cabai Rawit Hijau,2026-08,55771.0
Cabai Rawit,Cabai Rawit Hijau,2026-09,65893.0
Cabai Rawit,Cabai Rawit Merah,2022-01,63000.0
Cabai Rawit,Cabai Rawit Merah,2022-02,54775.0
Cabai Rawit,Cabai Rawit Merah,2022-03,68920.0
Cabai Rawit,Cabai Rawit Merah,2022-04,56638.0
Cabai Rawit,Cabai Rawit Merah,2022-05,59724.0
Cabai Rawit,Cabai Rawit Merah,2022-06,86667.0
Cabai Rawit,Cabai Rawit Merah,2022-07,88698.0
Cabai Rawit,Cabai Rawit Merah,2022-08,67443.0
Cabai Rawit,Cabai Rawit Merah,2022-09,65414.0
Cabai Rawit,Cabai Rawit Merah,2022-10,57248.0
Cabai Rawit,Cabai Rawit Merah,2022-11,47468.0
Cabai Rawit,Cabai Rawit Merah,2022-12,54991.0
Cabai Rawit,Cabai Rawit Merah,2023-01,60830.0
Cabai Rawit,Cabai Rawit Merah,2023-02,58603.0
Cabai Rawit,Cabai Rawit Merah,2023-03,68722.0
Cabai Rawit,Cabai Rawit Merah,2023-04,46775.0
Cabai Rawit,Cabai Rawit Merah,2023-05,43813.0
Cabai Rawit,Cabai Rawit Merah,2023-06,47736.0
Cabai Rawit,Cabai Rawit Merah,2023-07,46074.0
Cabai Rawit,Cabai Rawit Merah,2023-08,50730.0
Cabai Rawit,Cabai Rawit Merah,2023-09,41362.0
Cabai Rawit,Cabai Rawit Merah,2023-10,59198.0
Cabai Rawit,Cabai Rawit Merah,2023-11,82318.0
Cabai Rawit,Cabai Rawit Merah,2023-12,95079.0
Cabai Rawit,Cabai Rawit Merah,2024-01,64909.0
Cabai Rawit,Cabai Rawit Merah,2024-02,58588.0
Cabai Rawit,Cabai Rawit Merah,2024-03,62462.0
Cabai Rawit,Cabai Rawit Merah,2024-04,55373.0
Cabai Rawit,Cabai Rawit Merah,2024-05,52533.0
Cabai Rawit,Cabai Rawit Merah,2024-06,56108.0
Cabai Rawit,Cabai Rawit Merah,2024-07,65263.0
Cabai Rawit,Cabai Rawit Merah,2024-08,68070.0
Cabai Rawit,Cabai Rawit Merah,2024-09,51757.0
Cabai Rawit,Cabai Rawit Merah,2024-10,49887.0
Cabai Rawit,Cabai Rawit Merah,2024-11,45688.0
Cabai Rawit,Cabai Rawit Merah,2024-12,51139.0
Cabai Rawit,Cabai Rawit Merah,2025-01,77359.0
Cabai Rawit,Cabai Rawit Merah,2025-02,73488.0
Cabai Rawit,Cabai Rawit Merah,2025-03,92733.0
Cabai Rawit,Cabai Rawit Merah,2025-04,85661.0
Cabai Rawit,Cabai Rawit Merah,2025-05,58134.0
Cabai Rawit,Cabai Rawit Merah,2025-06,60640.0
Cabai Rawit,Cabai Rawit Merah,2025-07,70643.0
Cabai Rawit,Cabai Rawit Merah,2025-08,54326.0
Cabai Rawit,Cabai Rawit Merah,2025-09,50205.0
Cabai Rawit,Cabai Rawit Merah,2025-10,45472.0
Cabai Rawit,Cabai Rawit Merah,2025-11,45948.0
Cabai Rawit,Cabai Rawit Merah,2025-12,74041.0
Cabai Rawit,Cabai Rawit Merah,2026-01,58184.0
Cabai Rawit,Cabai Rawit Merah,2026-02,76025.0
Cabai Rawit,Cabai Rawit Merah,2026-03,85720.0
Cabai Rawit,Cabai Rawit Merah,2026-04,74218.0
Cabai Rawit,Cabai Rawit Merah,2026-05,70802.0
Cabai Rawit,Cabai Rawit Merah,2026-06,73643.0
Cabai Rawit,Cabai Rawit Merah,2026-07,58098.0
Cabai Rawit,Cabai Rawit Merah,2026-08,66393.0
Cabai Rawit,Cabai Rawit Merah,2026-09,92445.0
Daging Ayam,Daging Ayam Ras Segar,2022-01,38581.0
Daging Ayam,Daging Ayam Ras Segar,2022-02,35426.0
Daging Ayam,Daging Ayam Ras Segar,2022-03,36377.0
Daging Ayam,Daging Ayam Ras Segar,2022-04,38707.0
Daging Ayam,Daging Ayam Ras Segar,2022-05,40024.0
Daging Ayam,Daging Ayam Ras Segar,2022-06,37736.0
Daging Ayam,Daging Ayam Ras Segar,2022-07,36907.0
Daging Ayam,Daging Ayam Ras Segar,2022-08,34876.0
Daging Ayam,Daging Ayam Ras Segar,2022-09,34689.0
Daging Ayam,Daging Ayam Ras Segar,2022-10,33876.0
Daging Ayam,Daging Ayam Ras Segar,2022-11,34639.0
Daging Ayam,Daging Ayam Ras Segar,2022-12,36330.0
Daging Ayam,Daging Ayam Ras Segar,2023-01,35720.0
Daging Ayam,Daging Ayam Ras Segar,2023-02,34125.0
Daging Ayam,Daging Ayam Ras Segar,2023-03,34398.0
Daging Ayam,Daging Ayam Ras Segar,2023-04,34918.0
Daging Ayam,Daging Ayam Ras Segar,2023-05,37404.0
Daging Ayam,Daging Ayam Ras Segar,2023-06,39864.0
Daging Ayam,Daging Ayam Ras Segar,2023-07,38800.0
Daging Ayam,Daging Ayam Ras Segar,2023-08,35954.0
Daging Ayam,Daging Ayam Ras Segar,2023-09,35445.0
Daging Ayam,Daging Ayam Ras Segar,2023-10,36148.0
Daging Ayam,Daging Ayam Ras Segar,2023-11,35436.0
Daging Ayam,Daging Ayam Ras Segar,2023-12,35298.0
Daging Ayam,Daging Ayam Ras Segar,2024-01,36937.0
Daging Ayam,Daging Ayam Ras Segar,2024-02,37312.0
Daging Ayam,Daging Ayam Ras Segar,2024-03,38771.0
Daging Ayam,Daging Ayam Ras Segar,2024-04,38955.0
Daging Ayam,Daging Ayam Ras Segar,2024-05,38741.0
Daging Ayam,Daging Ayam Ras Segar,2024-06,37550.0
Daging Ayam,Daging Ayam Ras Segar,2024-07,36146.0
Daging Ayam,Daging Ayam Ras Segar,2024-08,35566.0
Daging Ayam,Daging Ayam Ras Segar,2024-09,35086.0
Daging Ayam,Daging Ayam Ras Segar,2024-10,36687.0
Daging Ayam,Daging Ayam Ras Segar,2024-11,37324.0
Daging Ayam,Daging Ayam Ras Segar,2024-12,38027.0
Daging Ayam,Daging Ayam Ras Segar,2025-01,38828.0
Daging Ayam,Daging Ayam Ras Segar,2025-02,36475.0
Daging Ayam,Daging Ayam Ras Segar,2025-03,36786.0
Daging Ayam,Daging Ayam Ras Segar,2025-04,35948.0
Daging Ayam,Daging Ayam Ras Segar,2025-05,35550.0
Daging Ayam,Daging Ayam Ras Segar,2025-06,35557.0
Daging Ayam,Daging Ayam Ras Segar,2025-07,36091.0
Daging Ayam,Daging Ayam Ras Segar,2025-08,35869.0
Daging Ayam,Daging Ayam Ras Segar,2025-09,38389.0
Daging Ayam,Daging Ayam Ras Segar,2025-10,38430.0
Daging Ayam,Daging Ayam Ras Segar,2025-11,38575.0
Daging Ayam,Daging Ayam Ras Segar,2025-12,41243.0
Daging Ayam,Daging Ayam Ras Segar,2026-01,40675.0
Daging Ayam,Daging Ayam Ras Segar,2026-02,41565.0
Daging Ayam,Daging Ayam Ras Segar,2026-03,42389.0
Daging Ayam,Daging Ayam Ras Segar,2026-04,40511.0
Daging Ayam,Daging Ayam Ras Segar,2026-05,38817.0
Daging Ayam,Daging Ayam Ras Segar,2026-06,37445.0
Daging Ayam,Daging Ayam Ras Segar,2026-07,38191.0
Daging Ayam,Daging Ayam Ras Segar,2026-08,41352.0
Daging Ayam,Daging Ayam Ras Segar,2026-09,42382.0
Daging Sapi,Daging Sapi Kualitas 1,2022-01,128264.0
Daging Sapi,Daging Sapi Kualitas 1,2022-02,128079.0
Daging Sapi,Daging Sapi Kualitas 1,2022-03,131407.0
Daging Sapi,Daging Sapi Kualitas 1,2022-04,137329.0
Daging Sapi,Daging Sapi Kualitas 1,2022-05,140974.0
Daging Sapi,Daging Sapi Kualitas 1,2022-06,137617.0
Daging Sapi,Daging Sapi Kualitas 1,2022-07,138129.0
Daging Sapi,Daging Sapi Kualitas 1,2022-08,138207.0
Daging Sapi,Daging Sapi Kualitas 1,2022-09,137439.0
Daging Sapi,Daging Sapi Kualitas 1,2022-10,137198.0
Daging Sapi,Daging Sapi Kualitas 1,2022-11,137232.0
Daging Sapi,Daging Sapi Kualitas 1,2022-12,137816.0
Daging Sapi,Daging Sapi Kualitas 1,2023-01,137725.0
Daging Sapi,Daging Sapi Kualitas 1,2023-02,137775.0
Daging Sapi,Daging Sapi Kualitas 1,2023-03,138150.0
Daging Sapi,Daging Sapi Kualitas 1,2023-04,139725.0
Daging Sapi,Daging Sapi Kualitas 1,2023-05,138830.0
Daging Sapi,Daging Sapi Kualitas 1,2023-06,138845.0
Daging Sapi,Daging Sapi Kualitas 1,2023-07,138636.0
Daging Sapi,Daging Sapi Kualitas 1,2023-08,138680.0
Daging Sapi,Daging Sapi Kualitas 1,2023-09,138598.0
Daging Sapi,Daging Sapi Kualitas 1,2023-10,138339.0
Daging Sapi,Daging Sapi Kualitas 1,2023-11,138043.0
Daging Sapi,Daging Sapi Kualitas 1,2023-12,137440.0
Daging Sapi,Daging Sapi Kualitas 1,2024-01,138022.0
Daging Sapi,Daging Sapi Kualitas 1,2024-02,138071.0
Daging Sapi,Daging Sapi Kualitas 1,2024-03,138714.0
Daging Sapi,Daging Sapi Kualitas 1,2024-04,140100.0
Daging Sapi,Daging Sapi Kualitas 1,2024-05,139078.0
Daging Sapi,Daging Sapi Kualitas 1,2024-06,138955.0
Daging Sapi,Daging Sapi Kualitas 1,2024-07,138720.0
Daging Sapi,Daging Sapi Kualitas 1,2024-08,138859.0
Daging Sapi,Daging Sapi Kualitas 1,2024-09,138876.0
Daging Sapi,Daging Sapi Kualitas 1,2024-10,138911.0
Daging Sapi,Daging Sapi Kualitas 1,2024-11,138690.0
Daging Sapi,Daging Sapi Kualitas 1,2024-12,138730.0
Daging Sapi,Daging Sapi Kualitas 1,2025-01,138585.0
Daging Sapi,Daging Sapi Kualitas 1,2025-02,138925.0
Daging Sapi,Daging Sapi Kualitas 1,2025-03,140605.0
Daging Sapi,Daging Sapi Kualitas 1,2025-04,140873.0
Daging Sapi,Daging Sapi Kualitas 1,2025-05,139868.0
Daging Sapi,Daging Sapi Kualitas 1,2025-06,140174.0
Daging Sapi,Daging Sapi Kualitas 1,2025-07,140109.0
Daging Sapi,Daging Sapi Kualitas 1,2025-08,140071.0
Daging Sapi,Daging Sapi Kualitas 1,2025-09,140357.0
Daging Sapi,Daging Sapi Kualitas 1,2025-10,140463.0
Daging Sapi,Daging Sapi Kualitas 1,2025-11,140735.0
Daging Sapi,Daging Sapi Kualitas 1,2025-12,141439.0
Daging Sapi,Daging Sapi Kualitas 1,2026-01,142350.0
Daging Sapi,Daging Sapi Kualitas 1,2026-02,143985.0
Daging Sapi,Daging Sapi Kualitas 1,2026-03,147445.0
Daging Sapi,Daging Sapi Kualitas 1,2026-04,147925.0
Daging Sapi,Daging Sapi Kualitas 1,2026-05,148605.0
Daging Sapi,Daging Sapi Kualitas 1,2026-06,149218.0
Daging Sapi,Daging Sapi Kualitas 1,2026-07,150620.0
Daging Sapi,Daging Sapi Kualitas 1,2026-08,151329.0
Daging Sapi,Daging Sapi Kualitas 1,2026-09,152257.0
Daging Sapi,Daging Sapi Kualitas 2,2022-01,118874.0
Daging Sapi,Daging Sapi Kualitas 2,2022-02,118832.0
Daging Sapi,Daging Sapi Kualitas 2,2022-03,122227.0
Daging Sapi,Daging Sapi Kualitas 2,2022-04,126945.0
Daging Sapi,Daging Sapi Kualitas 2,2022-05,127939.0
Daging Sapi,Daging Sapi Kualitas 2,2022-06,128117.0
Daging Sapi,Daging Sapi Kualitas 2,2022-07,128817.0
Daging Sapi,Daging Sapi Kualitas 2,2022-08,128093.0
Daging Sapi,Daging Sapi Kualitas 2,2022-09,128045.0
Daging Sapi,Daging Sapi Kualitas 2,2022-10,127683.0
Daging Sapi,Daging Sapi Kualitas 2,2022-11,127595.0
Daging Sapi,Daging Sapi Kualitas 2,2022-12,128102.0
Daging Sapi,Daging Sapi Kualitas 2,2023-01,128802.0
Daging Sapi,Daging Sapi Kualitas 2,2023-02,128850.0
Daging Sapi,Daging Sapi Kualitas 2,2023-03,129046.0
Daging Sapi,Daging Sapi Kualitas 2,2023-04,130300.0
Daging Sapi,Daging Sapi Kualitas 2,2023-05,130107.0
Daging Sapi,Daging Sapi Kualitas 2,2023-06,129657.0
Daging Sapi,Daging Sapi Kualitas 2,2023-07,129538.0
Daging Sapi,Daging Sapi Kualitas 2,2023-08,129572.0
Daging Sapi,Daging Sapi Kualitas 2,2023-09,129429.0
Daging Sapi,Daging Sapi Kualitas 2,2023-10,129380.0
Daging Sapi,Daging Sapi Kualitas 2,2023-11,129107.0
Daging Sapi,Daging Sapi Kualitas 2,2023-12,128779.0
Daging Sapi,Daging Sapi Kualitas 2,2024-01,129098.0
Daging Sapi,Daging Sapi Kualitas 2,2024-02,129326.0
Daging Sapi,Daging Sapi Kualitas 2,2024-03,129729.0
Daging Sapi,Daging Sapi Kualitas 2,2024-04,130900.0
Daging Sapi,Daging Sapi Kualitas 2,2024-05,130350.0
Daging Sapi,Daging Sapi Kualitas 2,2024-06,130215.0
Daging Sapi,Daging Sapi Kualitas 2,2024-07,130035.0
Daging Sapi,Daging Sapi Kualitas 2,2024-08,130045.0
Daging Sapi,Daging Sapi Kualitas 2,2024-09,129962.0
Daging Sapi,Daging Sapi Kualitas 2,2024-10,130098.0
Daging Sapi,Daging Sapi Kualitas 2,2024-11,129931.0
Daging Sapi,Daging Sapi Kualitas 2,2024-12,129925.0
Daging Sapi,Daging Sapi Kualitas 2,2025-01,129946.0
Daging Sapi,Daging Sapi Kualitas 2,2025-02,130138.0
Daging Sapi,Daging Sapi Kualitas 2,2025-03,132226.0
Daging Sapi,Daging Sapi Kualitas 2,2025-04,132652.0
Daging Sapi,Daging Sapi Kualitas 2,2025-05,131770.0
Daging Sapi,Daging Sapi Kualitas 2,2025-06,131931.0
Daging Sapi,Daging Sapi Kualitas 2,2025-07,132174.0
Daging Sapi,Daging Sapi Kualitas 2,2025-08,132262.0
Daging Sapi,Daging Sapi Kualitas 2,2025-09,132300.0
Daging Sapi,Daging Sapi Kualitas 2,2025-10,132330.0
Daging Sapi,Daging Sapi Kualitas 2,2025-11,132688.0
Daging Sapi,Daging Sapi Kualitas 2,2025-12,133491.0
Daging Sapi,Daging Sapi Kualitas 2,2026-01,134657.0
Daging Sapi,Daging Sapi Kualitas 2,2026-02,136120.0
Daging Sapi,Daging Sapi Kualitas 2,2026-03,139075.0
Daging Sapi,Daging Sapi Kualitas 2,2026-04,139945.0
Daging Sapi,Daging Sapi Kualitas 2,2026-05,139740.0
Daging Sapi,Daging Sapi Kualitas 2,2026-06,140348.0
Daging Sapi,Daging Sapi Kualitas 2,2026-07,141728.0
Daging Sapi,Daging Sapi Kualitas 2,2026-08,142317.0
Daging Sapi,Daging Sapi Kualitas 2,2026-09,142948.0
Gula Pasir,Gula Pasir Kualitas Premium,2022-01,15398.0
Gula Pasir,Gula Pasir Kualitas Premium,2022-02,15442.0
Gula Pasir,Gula Pasir Kualitas Premium,2022-03,15564.0
Gula Pasir,Gula Pasir Kualitas Premium,2022-04,15857.0
Gula Pasir,Gula Pasir Kualitas Premium,2022-05,16079.0
Gula Pasir,Gula Pasir Kualitas Premium,2022-06,16052.0
Gula Pasir,Gula Pasir Kualitas Premium,2022-07,15979.0
Gula Pasir,Gula Pasir Kualitas Premium,2022-08,15967.0
Gula Pasir,Gula Pasir Kualitas Premium,2022-09,15850.0
Gula Pasir,Gula Pasir Kualitas Premium,2022-10,15883.0
Gula Pasir,Gula Pasir Kualitas Premium,2022-11,15893.0
Gula Pasir,Gula Pasir Kualitas Premium,2022-12,15889.0
Gula Pasir,Gula Pasir Kualitas Premium,2023-01,15845.0
Gula Pasir,Gula Pasir Kualitas Premium,2023-02,15850.0
Gula Pasir,Gula Pasir Kualitas Premium,2023-03,15863.0
Gula Pasir,Gula Pasir Kualitas Premium,2023-04,15945.0
Gula Pasir,Gula Pasir Kualitas Premium,2023-05,15961.0
Gula Pasir,Gula Pasir Kualitas Premium,2023-06,16055.0
Gula Pasir,Gula Pasir Kualitas Premium,2023-07,16086.0
Gula Pasir,Gula Pasir Kualitas Premium,2023-08,16135.0
Gula Pasir,Gula Pasir Kualitas Premium,2023-09,16243.0
Gula Pasir,Gula Pasir Kualitas Premium,2023-10,16552.0
Gula Pasir,Gula Pasir Kualitas Premium,2023-11,17170.0
Gula Pasir,Gula Pasir Kualitas Premium,2023-12,17850.0
Gula Pasir,Gula Pasir Kualitas Premium,2024-01,18087.0
Gula Pasir,Gula Pasir Kualitas Premium,2024-02,18236.0
Gula Pasir,Gula Pasir Kualitas Premium,2024-03,18524.0
Gula Pasir,Gula Pasir Kualitas Premium,2024-04,18814.0
Gula Pasir,Gula Pasir Kualitas Premium,2024-05,19217.0
Gula Pasir,Gula Pasir Kualitas Premium,2024-06,19195.0
Gula Pasir,Gula Pasir Kualitas Premium,2024-07,19187.0
Gula Pasir,Gula Pasir Kualitas Premium,2024-08,19195.0
Gula Pasir,Gula Pasir Kualitas Premium,2024-09,19214.0
Gula Pasir,Gula Pasir Kualitas Premium,2024-10,19224.0
Gula Pasir,Gula Pasir Kualitas Premium,2024-11,19264.0
Gula Pasir,Gula Pasir Kualitas Premium,2024-12,19314.0
Gula Pasir,Gula Pasir Kualitas Premium,2025-01,19483.0
Gula Pasir,Gula Pasir Kualitas Premium,2025-02,19633.0
Gula Pasir,Gula Pasir Kualitas Premium,2025-03,19757.0
Gula Pasir,Gula Pasir Kualitas Premium,2025-04,19893.0
Gula Pasir,Gula Pasir Kualitas Premium,2025-05,19873.0
Gula Pasir,Gula Pasir Kualitas Premium,2025-06,19883.0
Gula Pasir,Gula Pasir Kualitas Premium,2025-07,19830.0
Gula Pasir,Gula Pasir Kualitas Premium,2025-08,19817.0
Gula Pasir,Gula Pasir Kualitas Premium,2025-09,19800.0
Gula Pasir,Gula Pasir Kualitas Premium,2025-10,19761.0
Gula Pasir,Gula Pasir Kualitas Premium,2025-11,19798.0
Gula Pasir,Gula Pasir Kualitas Premium,2025-12,19800.0
Gula Pasir,Gula Pasir Kualitas Premium,2026-01,19798.0
Gula Pasir,Gula Pasir Kualitas Premium,2026-02,19838.0
Gula Pasir,Gula Pasir Kualitas Premium,2026-03,19957.0
Gula Pasir,Gula Pasir Kualitas Premium,2026-04,20200.0
Gula Pasir,Gula Pasir Kualitas Premium,2026-05,20214.0
Gula Pasir,Gula Pasir Kualitas Premium,2026-06,20273.0
Gula Pasir,Gula Pasir Kualitas Premium,2026-07,20302.0
Gula Pasir,Gula Pasir Kualitas Premium,2026-08,20312.0
Gula Pasir,Gula Pasir Kualitas Premium,2026-09,20348.0
Gula Pasir,Gula Pasir Lokal,2022-01,13838.0
Gula Pasir,Gula Pasir Lokal,2022-02,14168.0
Gula Pasir,Gula Pasir Lokal,2022-03,14366.0
Gula Pasir,Gula Pasir Lokal,2022-04,14771.0
Gula Pasir,Gula Pasir Lokal,2022-05,14882.0
Gula Pasir,Gula Pasir Lokal,2022-06,14712.0
Gula Pasir,Gula Pasir Lokal,2022-07,14579.0
Gula Pasir,Gula Pasir Lokal,2022-08,14533.0
Gula Pasir,Gula Pasir Lokal,2022-09,14482.0
Gula Pasir,Gula Pasir Lokal,2022-10,14417.0
Gula Pasir,Gula Pasir Lokal,2022-11,14395.0
Gula Pasir,Gula Pasir Lokal,2022-12,14423.0
Gula Pasir,Gula Pasir Lokal,2023-01,14427.0
Gula Pasir,Gula Pasir Lokal,2023-02,14463.0
Gula Pasir,Gula Pasir Lokal,2023-03,14507.0
Gula Pasir,Gula Pasir Lokal,2023-04,14520.0
Gula Pasir,Gula Pasir Lokal,2023-05,14604.0
Gula Pasir,Gula Pasir Lokal,2023-06,14752.0
Gula Pasir,Gula Pasir Lokal,2023-07,14771.0
Gula Pasir,Gula Pasir Lokal,2023-08,14846.0
Gula Pasir,Gula Pasir Lokal,2023-09,15086.0
Gula Pasir,Gula Pasir Lokal,2023-10,15782.0
Gula Pasir,Gula Pasir Lokal,2023-11,16780.0
Gula Pasir,Gula Pasir Lokal,2023-12,17507.0
Gula Pasir,Gula Pasir Lokal,2024-01,17515.0
Gula Pasir,Gula Pasir Lokal,2024-02,17583.0
Gula Pasir,Gula Pasir Lokal,2024-03,17876.0
Gula Pasir,Gula Pasir Lokal,2024-04,18118.0
Gula Pasir,Gula Pasir Lokal,2024-05,18535.0
Gula Pasir,Gula Pasir Lokal,2024-06,18260.0
Gula Pasir,Gula Pasir Lokal,2024-07,18000.0
Gula Pasir,Gula Pasir Lokal,2024-08,17834.0
Gula Pasir,Gula Pasir Lokal,2024-09,17857.0
Gula Pasir,Gula Pasir Lokal,2024-10,17930.0
Gula Pasir,Gula Pasir Lokal,2024-11,17967.0
Gula Pasir,Gula Pasir Lokal,2024-12,18020.0
Gula Pasir,Gula Pasir Lokal,2025-01,18280.0
Gula Pasir,Gula Pasir Lokal,2025-02,18578.0
Gula Pasir,Gula Pasir Lokal,2025-03,18710.0
Gula Pasir,Gula Pasir Lokal,2025-04,18798.0
Gula Pasir,Gula Pasir Lokal,2025-05,18727.0
Gula Pasir,Gula Pasir Lokal,2025-06,18602.0
Gula Pasir,Gula Pasir Lokal,2025-07,18430.0
Gula Pasir,Gula Pasir Lokal,2025-08,18262.0
Gula Pasir,Gula Pasir Lokal,2025-09,18136.0
Gula Pasir,Gula Pasir Lokal,2025-10,18054.0
Gula Pasir,Gula Pasir Lokal,2025-11,18038.0
Gula Pasir,Gula Pasir Lokal,2025-12,18163.0
Gula Pasir,Gula Pasir Lokal,2026-01,18234.0
Gula Pasir,Gula Pasir Lokal,2026-02,18408.0
Gula Pasir,Gula Pasir Lokal,2026-03,18705.0
Gula Pasir,Gula Pasir Lokal,2026-04,19134.0
Gula Pasir,Gula Pasir Lokal,2026-05,19171.0
Gula Pasir,Gula Pasir Lokal,2026-06,19107.0
Gula Pasir,Gula Pasir Lokal,2026-07,19085.0
Gula Pasir,Gula Pasir Lokal,2026-08,19060.0
Gula Pasir,Gula Pasir Lokal,2026-09,19120.0
Minyak Goreng,Minyak Goreng Curah,2022-01,18702.0
Minyak Goreng,Minyak Goreng Curah,2022-02,17687.0
Minyak Goreng,Minyak Goreng Curah,2022-03,18036.0
Minyak Goreng,Minyak Goreng Curah,2022-04,20057.0
Minyak Goreng,Minyak Goreng Curah,2022-05,18911.0
Minyak Goreng,Minyak Goreng Curah,2022-06,17979.0
Minyak Goreng,Minyak Goreng Curah,2022-07,16312.0
Minyak Goreng,Minyak Goreng Curah,2022-08,15104.0
Minyak Goreng,Minyak Goreng Curah,2022-09,14559.0
Minyak Goreng,Minyak Goreng Curah,2022-10,14395.0
Minyak Goreng,Minyak Goreng Curah,2022-11,14741.0
Minyak Goreng,Minyak Goreng Curah,2022-12,15052.0
Minyak Goreng,Minyak Goreng Curah,2023-01,15418.0
Minyak Goreng,Minyak Goreng Curah,2023-02,15630.0
Minyak Goreng,Minyak Goreng Curah,2023-03,15622.0
Minyak Goreng,Minyak Goreng Curah,2023-04,15670.0
Minyak Goreng,Minyak Goreng Curah,2023-05,15761.0
Minyak Goreng,Minyak Goreng Curah,2023-06,15664.0
Minyak Goreng,Minyak Goreng Curah,2023-07,15517.0
Minyak Goreng,Minyak Goreng Curah,2023-08,15417.0
Minyak Goreng,Minyak Goreng Curah,2023-09,15331.0
Minyak Goreng,Minyak Goreng Curah,2023-10,15264.0
Minyak Goreng,Minyak Goreng Curah,2023-11,15266.0
Minyak Goreng,Minyak Goreng Curah,2023-12,15336.0
Minyak Goreng,Minyak Goreng Curah,2024-01,15452.0
Minyak Goreng,Minyak Goreng Curah,2024-02,15976.0
Minyak Goreng,Minyak Goreng Curah,2024-03,16379.0
Minyak Goreng,Minyak Goreng Curah,2024-04,16555.0
Minyak Goreng,Minyak Goreng Curah,2024-05,16567.0
Minyak Goreng,Minyak Goreng Curah,2024-06,16620.0
Minyak Goreng,Minyak Goreng Curah,2024-07,16696.0
Minyak Goreng,Minyak Goreng Curah,2024-08,16841.0
Minyak Goreng,Minyak Goreng Curah,2024-09,17138.0
Minyak Goreng,Minyak Goreng Curah,2024-10,17530.0
Minyak Goreng,Minyak Goreng Curah,2024-11,18143.0
Minyak Goreng,Minyak Goreng Curah,2024-12,18539.0
Minyak Goreng,Minyak Goreng Curah,2025-01,18707.0
Minyak Goreng,Minyak Goreng Curah,2025-02,18675.0
Minyak Goreng,Minyak Goreng Curah,2025-03,18781.0
Minyak Goreng,Minyak Goreng Curah,2025-04,18848.0
Minyak Goreng,Minyak Goreng Curah,2025-05,18707.0
Minyak Goreng,Minyak Goreng Curah,2025-06,18514.0
Minyak Goreng,Minyak Goreng Curah,2025-07,18487.0
Minyak Goreng,Minyak Goreng Curah,2025-08,18579.0
Minyak Goreng,Minyak Goreng Curah,2025-09,18627.0
Minyak Goreng,Minyak Goreng Curah,2025-10,18615.0
Minyak Goreng,Minyak Goreng Curah,2025-11,18625.0
Minyak Goreng,Minyak Goreng Curah,2025-12,18802.0
Minyak Goreng,Minyak Goreng Curah,2026-01,18820.0
Minyak Goreng,Minyak Goreng Curah,2026-02,18948.0
Minyak Goreng,Minyak Goreng Curah,2026-03,19418.0
Minyak Goreng,Minyak Goreng Curah,2026-04,20236.0
Minyak Goreng,Minyak Goreng Curah,2026-05,20555.0
Minyak Goreng,Minyak Goreng Curah,2026-06,20609.0
Minyak Goreng,Minyak Goreng Curah,2026-07,20509.0
Minyak Goreng,Minyak Goreng Curah,2026-08,20445.0
Minyak Goreng,Minyak Goreng Curah,2026-09,20425.0
Minyak Goreng,Minyak Goreng Kemasan Bermerk 1,2022-01,20912.0
Minyak Goreng,Minyak Goreng Kemasan Bermerk 1,2022-02,19787.0
Minyak Goreng,Minyak Goreng Kemasan Bermerk 1,2022-03,22282.0
Minyak Goreng,Minyak Goreng Kemasan Bermerk 1,2022-04,26526.0
Minyak Goreng,Minyak Goreng Kemasan Bermerk 1,2022-05,26400.0
Minyak Goreng,Minyak Goreng Kemasan Bermerk 1,2022-06,26288.0
Minyak Goreng,Minyak Goreng Kemasan Bermerk 1,2022-07,25126.0
Minyak Goreng,Minyak Goreng Kemasan Bermerk 1,2022-08,23435.0
Minyak Goreng,Minyak Goreng Kemasan Bermerk 1,2022-09,22593.0
Minyak Goreng,Minyak Goreng Kemasan Bermerk 1,2022-10,21910.0
Minyak Goreng,Minyak Goreng Kemasan Bermerk 1,2022-11,21670.0
Minyak Goreng,Minyak Goreng Kemasan Bermerk 1,2022-12,21536.0
Minyak Goreng,Minyak Goreng Kemasan Bermerk 1,2023-01,21611.0
Minyak Goreng,Minyak Goreng Kemasan Bermerk 1,2023-02,21735.0
Minyak Goreng,Minyak Goreng Kemasan Bermerk 1,2023-03,21780.0
Minyak Goreng,Minyak Goreng Kemasan Bermerk 1,2023-04,21830.0
Minyak Goreng,Minyak Goreng Kemasan Bermerk 1,2023-05,21722.0
Minyak Goreng,Minyak Goreng Kemasan Bermerk 1,2023-06,21593.0
Minyak Goreng,Minyak Goreng Kemasan Bermerk 1,2023-07,21433.0
Minyak Goreng,Minyak Goreng Kemasan Bermerk 1,2023-08,21300.0
Minyak Goreng,Minyak Goreng Kemasan Bermerk 1,2023-09,21133.0
Minyak Goreng,Minyak Goreng Kemasan Bermerk 1,2023-10,20986.0
Minyak Goreng,Minyak Goreng Kemasan Bermerk 1,2023-11,20920.0
Minyak Goreng,Minyak Goreng Kemasan Bermerk 1,2023-12,20719.0
Minyak Goreng,Minyak Goreng Kemasan Bermerk 1,2024-01,20724.0
Minyak Goreng,Minyak Goreng Kemasan Bermerk 1,2024-02,20702.0
Minyak Goreng,Minyak Goreng Kemasan Bermerk 1,2024-03,20740.0
Minyak Goreng,Minyak Goreng Kemasan Bermerk 1,2024-04,20777.0
Minyak Goreng,Minyak Goreng Kemasan Bermerk 1,2024-05,20698.0
Minyak Goreng,Minyak Goreng Kemasan Bermerk 1,2024-06,20645.0
Minyak Goreng,Minyak Goreng Kemasan Bermerk 1,2024-07,20726.0
Minyak Goreng,Minyak Goreng Kemasan Bermerk 1,2024-08,20748.0
Minyak Goreng,Minyak Goreng Kemasan Bermerk 1,2024-09,20781.0
Minyak Goreng,Minyak Goreng Kemasan Bermerk 1,2024-10,20943.0
Minyak Goreng,Minyak Goreng Kemasan Bermerk 1,2024-11,21255.0
Minyak Goreng,Minyak Goreng Kemasan Bermerk 1,2024-12,21561.0
Minyak Goreng,Minyak Goreng Kemasan Bermerk 1,2025-01,21820.0
Minyak Goreng,Minyak Goreng Kemasan Bermerk 1,2025-02,21993.0
Minyak Goreng,Minyak Goreng Kemasan Bermerk 1,2025-03,22200.0
Minyak Goreng,Minyak Goreng Kemasan Bermerk 1,2025-04,22307.0
Minyak Goreng,Minyak Goreng Kemasan Bermerk 1,2025-05,22341.0
Minyak Goreng,Minyak Goreng Kemasan Bermerk 1,2025-06,22331.0
Minyak Goreng,Minyak Goreng Kemasan Bermerk 1,2025-07,22365.0
Minyak Goreng,Minyak Goreng Kemasan Bermerk 1,2025-08,22429.0
Minyak Goreng,Minyak Goreng Kemasan Bermerk 1,2025-09,22427.0
Minyak Goreng,Minyak Goreng Kemasan Bermerk 1,2025-10,22446.0
Minyak Goreng,Minyak Goreng Kemasan Bermerk 1,2025-11,22450.0
Minyak Goreng,Minyak Goreng Kemasan Bermerk 1,2025-12,22491.0
Minyak Goreng,Minyak Goreng Kemasan Bermerk 1,2026-01,22575.0
Minyak Goreng,Minyak Goreng Kemasan Bermerk 1,2026-02,22633.0
Minyak Goreng,Minyak Goreng Kemasan Bermerk 1,2026-03,22830.0
Minyak Goreng,Minyak Goreng Kemasan Bermerk 1,2026-04,23420.0
Minyak Goreng,Minyak Goreng Kemasan Bermerk 1,2026-05,23895.0
Minyak Goreng,Minyak Goreng Kemasan Bermerk 1,2026-06,24164.0
Minyak Goreng,Minyak Goreng Kemasan Bermerk 1,2026-07,24265.0
Minyak Goreng,Minyak Goreng Kemasan Bermerk 1,2026-08,24298.0
Minyak Goreng,Minyak Goreng Kemasan Bermerk 1,2026-09,24348.0
Minyak Goreng,Minyak Goreng Kemasan Bermerk 2,2022-01,20319.0
Minyak Goreng,Minyak Goreng Kemasan Bermerk 2,2022-02,18626.0
Minyak Goreng,Minyak Goreng Kemasan Bermerk 2,2022-03,21432.0
Minyak Goreng,Minyak Goreng Kemasan Bermerk 2,2022-04,25779.0
Minyak Goreng,Minyak Goreng Kemasan Bermerk 2,2022-05,25737.0
Minyak Goreng,Minyak Goreng Kemasan Bermerk 2,2022-06,25138.0
Minyak Goreng,Minyak Goreng Kemasan Bermerk 2,2022-07,23695.0
Minyak Goreng,Minyak Goreng Kemasan Bermerk 2,2022-08,21839.0
Minyak Goreng,Minyak Goreng Kemasan Bermerk 2,2022-09,20909.0
Minyak Goreng,Minyak Goreng Kemasan Bermerk 2,2022-10,20267.0
Minyak Goreng,Minyak Goreng Kemasan Bermerk 2,2022-11,20036.0
Minyak Goreng,Minyak Goreng Kemasan Bermerk 2,2022-12,20093.0
Minyak Goreng,Minyak Goreng Kemasan Bermerk 2,2023-01,20075.0
Minyak Goreng,Minyak Goreng Kemasan Bermerk 2,2023-02,20100.0
Minyak Goreng,Minyak Goreng Kemasan Bermerk 2,2023-03,20183.0
Minyak Goreng,Minyak Goreng Kemasan Bermerk 2,2023-04,20173.0
Minyak Goreng,Minyak Goreng Kemasan Bermerk 2,2023-05,20087.0
Minyak Goreng,Minyak Goreng Kemasan Bermerk 2,2023-06,20045.0
Minyak Goreng,Minyak Goreng Kemasan Bermerk 2,2023-07,19876.0
Minyak Goreng,Minyak Goreng Kemasan Bermerk 2,2023-08,19785.0
Minyak Goreng,Minyak Goreng Kemasan Bermerk 2,2023-09,19629.0
Minyak Goreng,Minyak Goreng Kemasan Bermerk 2,2023-10,19473.0
Minyak Goreng,Minyak Goreng Kemasan Bermerk 2,2023-11,19448.0
Minyak Goreng,Minyak Goreng Kemasan Bermerk 2,2023-12,19412.0
Minyak Goreng,Minyak Goreng Kemasan Bermerk 2,2024-01,19337.0
Minyak Goreng,Minyak Goreng Kemasan Bermerk 2,2024-02,19252.0
Minyak Goreng,Minyak Goreng Kemasan Bermerk 2,2024-03,19319.0
Minyak Goreng,Minyak Goreng Kemasan Bermerk 2,2024-04,19409.0
Minyak Goreng,Minyak Goreng Kemasan Bermerk 2,2024-05,19476.0
Minyak Goreng,Minyak Goreng Kemasan Bermerk 2,2024-06,19460.0
Minyak Goreng,Minyak Goreng Kemasan Bermerk 2,2024-07,19498.0
Minyak Goreng,Minyak Goreng Kemasan Bermerk 2,2024-08,19545.0
Minyak Goreng,Minyak Goreng Kemasan Bermerk 2,2024-09,19621.0
Minyak Goreng,Minyak Goreng Kemasan Bermerk 2,2024-10,19776.0
Minyak Goreng,Minyak Goreng Kemasan Bermerk 2,2024-11,20112.0
Minyak Goreng,Minyak Goreng Kemasan Bermerk 2,2024-12,20486.0
Minyak Goreng,Minyak Goreng Kemasan Bermerk 2,2025-01,20754.0
Minyak Goreng,Minyak Goreng Kemasan Bermerk 2,2025-02,20910.0
Minyak Goreng,Minyak Goreng Kemasan Bermerk 2,2025-03,21145.0
Minyak Goreng,Minyak Goreng Kemasan Bermerk 2,2025-04,21300.0
Minyak Goreng,Minyak Goreng Kemasan Bermerk 2,2025-05,21405.0
Minyak Goreng,Minyak Goreng Kemasan Bermerk 2,2025-06,21405.0
Minyak Goreng,Minyak Goreng Kemasan Bermerk 2,2025-07,21404.0
Minyak Goreng,Minyak Goreng Kemasan Bermerk 2,2025-08,21448.0
Minyak Goreng,Minyak Goreng Kemasan Bermerk 2,2025-09,21434.0
Minyak Goreng,Minyak Goreng Kemasan Bermerk 2,2025-10,21396.0
Minyak Goreng,Minyak Goreng Kemasan Bermerk 2,2025-11,21400.0
Minyak Goreng,Minyak Goreng Kemasan Bermerk 2,2025-12,21498.0
Minyak Goreng,Minyak Goreng Kemasan Bermerk 2,2026-01,21532.0
Minyak Goreng,Minyak Goreng Kemasan Bermerk 2,2026-02,21615.0
Minyak Goreng,Minyak Goreng Kemasan Bermerk 2,2026-03,21830.0
Minyak Goreng,Minyak Goreng Kemasan Bermerk 2,2026-04,22484.0
Minyak Goreng,Minyak Goreng Kemasan Bermerk 2,2026-05,23050.0
Minyak Goreng,Minyak Goreng Kemasan Bermerk 2,2026-06,23302.0
Minyak Goreng,Minyak Goreng Kemasan Bermerk 2,2026-07,23409.0
Minyak Goreng,Minyak Goreng Kemasan Bermerk 2,2026-08,23483.0
Minyak Goreng,Minyak Goreng Kemasan Bermerk 2,2026-09,23493.0
Telur Ayam,Telur Ayam Ras Segar,2022-01,28093.0
Telur Ayam,Telur Ayam Ras Segar,2022-02,24066.0
Telur Ayam,Telur Ayam Ras Segar,2022-03,25061.0
Telur Ayam,Telur Ayam Ras Segar,2022-04,26324.0
Telur Ayam,Telur Ayam Ras Segar,2022-05,29921.0
Telur Ayam,Telur Ayam Ras Segar,2022-06,29248.0
Telur Ayam,Telur Ayam Ras Segar,2022-07,29298.0
Telur Ayam,Telur Ayam Ras Segar,2022-08,30283.0
Telur Ayam,Telur Ayam Ras Segar,2022-09,30159.0
Telur Ayam,Telur Ayam Ras Segar,2022-10,28283.0
Telur Ayam,Telur Ayam Ras Segar,2022-11,28907.0
Telur Ayam,Telur Ayam Ras Segar,2022-12,30959.0
Telur Ayam,Telur Ayam Ras Segar,2023-01,30332.0
Telur Ayam,Telur Ayam Ras Segar,2023-02,29218.0
Telur Ayam,Telur Ayam Ras Segar,2023-03,29393.0
Telur Ayam,Telur Ayam Ras Segar,2023-04,29990.0
Telur Ayam,Telur Ayam Ras Segar,2023-05,31009.0
Telur Ayam,Telur Ayam Ras Segar,2023-06,31775.0
Telur Ayam,Telur Ayam Ras Segar,2023-07,31912.0
Telur Ayam,Telur Ayam Ras Segar,2023-08,31463.0
Telur Ayam,Telur Ayam Ras Segar,2023-09,29883.0
Telur Ayam,Telur Ayam Ras Segar,2023-10,28964.0
Telur Ayam,Telur Ayam Ras Segar,2023-11,28850.0
Telur Ayam,Telur Ayam Ras Segar,2023-12,28983.0
Telur Ayam,Telur Ayam Ras Segar,2024-01,28998.0
Telur Ayam,Telur Ayam Ras Segar,2024-02,29695.0
Telur Ayam,Telur Ayam Ras Segar,2024-03,32229.0
Telur Ayam,Telur Ayam Ras Segar,2024-04,31543.0
Telur Ayam,Telur Ayam Ras Segar,2024-05,31315.0
Telur Ayam,Telur Ayam Ras Segar,2024-06,30713.0
Telur Ayam,Telur Ayam Ras Segar,2024-07,30239.0
Telur Ayam,Telur Ayam Ras Segar,2024-08,29661.0
Telur Ayam,Telur Ayam Ras Segar,2024-09,29383.0
Telur Ayam,Telur Ayam Ras Segar,2024-10,29509.0
Telur Ayam,Telur Ayam Ras Segar,2024-11,29257.0
Telur Ayam,Telur Ayam Ras Segar,2024-12,30677.0
Telur Ayam,Telur Ayam Ras Segar,2025-01,30865.0
Telur Ayam,Telur Ayam Ras Segar,2025-02,30125.0
Telur Ayam,Telur Ayam Ras Segar,2025-03,30438.0
Telur Ayam,Telur Ayam Ras Segar,2025-04,29998.0
Telur Ayam,Telur Ayam Ras Segar,2025-05,29909.0
Telur Ayam,Telur Ayam Ras Segar,2025-06,29886.0
Telur Ayam,Telur Ayam Ras Segar,2025-07,30250.0
Telur Ayam,Telur Ayam Ras Segar,2025-08,30314.0
Telur Ayam,Telur Ayam Ras Segar,2025-09,30568.0
Telur Ayam,Telur Ayam Ras Segar,2025-10,31387.0
Telur Ayam,Telur Ayam Ras Segar,2025-11,31563.0
Telur Ayam,Telur Ayam Ras Segar,2025-12,32778.0
Telur Ayam,Telur Ayam Ras Segar,2026-01,32075.0
Telur Ayam,Telur Ayam Ras Segar,2026-02,32033.0
Telur Ayam,Telur Ayam Ras Segar,2026-03,33182.0
Telur Ayam,Telur Ayam Ras Segar,2026-04,32366.0
Telur Ayam,Telur Ayam Ras Segar,2026-05,30814.0
Telur Ayam,Telur Ayam Ras Segar,2026-06,30030.0
Telur Ayam,Telur Ayam Ras Segar,2026-07,29298.0
Telur Ayam,Telur Ayam Ras Segar,2026-08,29386.0
Telur Ayam,Telur Ayam Ras Segar,2026-09,29884.0
